Passenger_ID,Passenger_Name,Age,Gender,Airline,Flight_Number,Flight_Type,Departure_Airport,Arrival_Airport,Departure_City,Arrival_City,Travel_Date,Departure_Time,Arrival_Time,Seat_No,Class,Ticket_Price_USD,Baggage_Weight_KG,Status,Delay_Minutes,Booking_Channel,Meal_Preference,Loyalty_Points
PAX0001,Rahul Sharma,34,Male,IndiGo,AI513,National,MAA,DEL,Chennai,Delhi,01-02-2025,6.3,9.15,12A,Economy,145,18.5,On Time,0,Website,Veg,2200
PAX0002,Priya Nair,29,Female,Air India,AI512,International,BOM,DXB,Mumbai,Dubai,01-03-2025,11,14.45,2C,Business,860,24,Delayed,45,Mobile App,Non-Veg,8400
PAX0003,Arjun Mehta,41,Male,Emirates,EK220,International,DEL,LHR,Delhi,London,01-04-2025,1.2,9.55,1A,First,2450,30.2,On Time,0,Travel Agent,Veg,13200
PAX0004,Sneha Iyer,25,Female,Qatar Airways,QR901,International,BLR,SIN,Bangalore,Singapore,01-05-2025,8.1,14,22B,Economy,420,15.6,Cancelled,0,Website,Vegan,3500
PAX0005,Vikram Rao,38,Male,Singapore Airlines,SQ318,International,HYD,JFK,Hyderabad,New York,01-06-2025,22,13.45,4D,Business,1980,27.5,On Time,0,Mobile App,Non-Veg,9700
PAX0006,Meera Kapoor,31,Female,Lufthansa,LH760,International,DEL,FRA,Delhi,Frankfurt,01-07-2025,3.45,11.2,18F,Premium Economy,980,19.3,Delayed,30,Website,Veg,5400
PAX0007,Karan Verma,45,Male,British Airways,BA256,International,MAA,LHR,Chennai,London,01-08-2025,10.15,18.3,3A,Business,1650,26.8,On Time,0,Travel Agent,Non-Veg,11000
PAX0008,Ananya Das,27,Female,Delta,DL404,International,BOM,JFK,Mumbai,New York,01-09-2025,5.5,17.2,25C,Economy,740,17.2,Cancelled,0,Website,Veg,4100
PAX0009,Rohit Menon,36,Male,IndiGo,6E788,National,CCU,BLR,Kolkata,Bangalore,01-10-2025,14.25,17.1,14D,Economy,125,12,On Time,0,Mobile App,Non-Veg,1800
PAX0010,Divya Krishnan,30,Female,Air India,AI662,National,DEL,MAA,Delhi,Chennai,01-11-2025,9.4,12.25,9B,Premium Economy,310,20.5,Delayed,35,Website,Veg,6200
PAX0011,Sanjay Patel,52,Male,Emirates,EK501,International,BOM,DXB,Mumbai,Dubai,01-12-2025,23.15,2.55,5F,Business,1200,28,On Time,0,Travel Agent,Jain,14000
PAX0012,Pooja Singh,24,Female,IndiGo,6E902,National,HYD,DEL,Hyderabad,Delhi,1/13/2025,6.1,8.4,28A,Economy,160,10.4,Cancelled,0,Mobile App,Vegan,900
PAX0013,Amit Joshi,40,Male,Singapore Airlines,SQ422,International,BLR,SIN,Bangalore,Singapore,1/14/2025,20.2,2.1,6C,Business,1340,22.6,On Time,0,Website,Non-Veg,8700
PAX0014,Neha Bhatia,33,Female,Lufthansa,LH880,International,DEL,JFK,Delhi,New York,1/15/2025,2.5,15.3,1F,First,2600,31.4,Delayed,90,Travel Agent,Veg,15000
PAX0015,Ramesh Kumar,47,Male,Air India,AI309,International,MAA,DXB,Chennai,Dubai,1/16/2025,13.05,17.15,16C,Economy,390,16.1,On Time,0,Website,Non-Veg,3000
PAX0016,Kavya Reddy,28,Female,Delta,DL890,International,BLR,LHR,Bangalore,London,1/17/2025,7.45,18.1,11D,Premium Economy,980,21,Cancelled,0,Mobile App,Veg,7200
PAX0017,Aditya Sen,39,Male,IndiGo,6E999,National,DEL,BOM,Delhi,Mumbai,1/18/2025,11.3,13.4,20E,Economy,110,8.6,On Time,0,Website,Non-Veg,1500
PAX0018,Shreya Pillai,26,Female,Air India,AI445,National,CCU,HYD,Kolkata,Hyderabad,1/19/2025,16,18.25,13A,Economy,140,11.2,Delayed,20,Website,Veg,2700
PAX0019,Nitin Arora,50,Male,Emirates,EK720,International,MAA,SIN,Chennai,Singapore,1/20/2025,21.1,4.5,2D,Business,1450,25.9,On Time,0,Travel Agent,Jain,11800
PAX0020,Aisha Khan,23,Female,Qatar Airways,QR311,International,DEL,DXB,Delhi,Dubai,1/21/2025,4.25,8,24F,Economy,330,13.5,Cancelled,0,Mobile App,Vegan,2100
PAX0021,Manoj Gupta,42,Male,IndiGo,6.00E+201,National,BOM,CCU,Mumbai,Kolkata,02-01-2025,8.1,10.45,14A,Economy,130,12.5,On Time,0,Website,Veg,2000
PAX0022,Ritu Malhotra,35,Female,Air India,AI701,International,DEL,LHR,Delhi,London,02-01-2025,1.2,9.4,3B,Business,1750,25,Delayed,40,Travel Agent,Non-Veg,11200
PAX0023,Suresh Iyer,44,Male,Emirates,EK301,International,BOM,DXB,Mumbai,Dubai,02-02-2025,23.3,2.1,6F,Economy,420,18,On Time,0,Mobile App,Veg,3200
PAX0024,Nisha Agarwal,31,Female,Qatar Airways,QR441,International,HYD,SIN,Hyderabad,Singapore,02-02-2025,9.15,15.3,10C,Premium Economy,780,20.2,Delayed,55,Website,Vegan,6100
PAX0025,Deepak Chawla,37,Male,Lufthansa,LH455,International,DEL,FRA,Delhi,Frankfurt,02-03-2025,3.5,11.1,5A,Business,1400,23.5,On Time,0,Travel Agent,Non-Veg,9200
PAX0026,Isha Rangan,28,Female,Delta,DL221,International,BOM,JFK,Mumbai,New York,02-03-2025,6.4,17.55,22D,Economy,760,16.8,Cancelled,0,Website,Veg,4100
PAX0027,Rajesh Kumar,49,Male,IndiGo,6E510,National,DEL,BLR,Delhi,Bangalore,02-04-2025,11.2,13.4,18B,Economy,120,9.2,On Time,0,Mobile App,Non-Veg,1800
PAX0028,Priyanka Das,26,Female,Air India,AI432,National,CCU,HYD,Kolkata,Hyderabad,02-04-2025,15.1,17.35,21A,Economy,140,11,Delayed,25,Website,Veg,2500
PAX0029,Arjun Kapoor,33,Male,Singapore Airlines,SQ318,International,BLR,SIN,Bangalore,Singapore,02-05-2025,20.3,2.2,4C,Business,1350,24,On Time,0,Mobile App,Non-Veg,8800
PAX0030,Megha Jain,29,Female,British Airways,BA144,International,MAA,LHR,Chennai,London,02-05-2025,10.05,18.15,7D,Premium Economy,980,19.5,Cancelled,0,Travel Agent,Veg,5400
PAX0031,Sandeep Rao,41,Male,Emirates,EK520,International,BOM,DXB,Mumbai,Dubai,02-06-2025,23.1,2.5,2A,Business,1250,27,On Time,0,Website,Jain,13500
PAX0032,Neha Sharma,27,Female,IndiGo,6E880,National,DEL,MAA,Delhi,Chennai,02-06-2025,7.3,10.05,19F,Economy,135,10,Delayed,20,Mobile App,Vegan,3100
PAX0033,Vikram Singh,38,Male,Air India,AI609,International,BOM,JFK,Mumbai,New York,02-07-2025,2.15,14.3,6B,Business,1950,28.5,On Time,0,Travel Agent,Non-Veg,9900
PAX0034,Aisha Khan,24,Female,Qatar Airways,QR112,International,DEL,DXB,Delhi,Dubai,02-07-2025,4.5,8.25,24C,Economy,340,13.2,Cancelled,0,Website,Vegan,2100
PAX0035,Rohit Menon,36,Male,IndiGo,6E777,National,CCU,BOM,Kolkata,Mumbai,02-08-2025,12.4,15.1,13D,Economy,150,12.8,On Time,0,Mobile App,Non-Veg,1900
PAX0036,Divya Krishnan,30,Female,Lufthansa,LH910,International,DEL,FRA,Delhi,Frankfurt,02-08-2025,3.25,11.05,8A,Premium Economy,990,21.5,Delayed,35,Website,Veg,6100
PAX0037,Sanjay Patel,52,Male,Emirates,EK501,International,BOM,DXB,Mumbai,Dubai,02-09-2025,23.45,3.1,5E,Business,1200,29,On Time,0,Travel Agent,Jain,14000
PAX0038,Pooja Singh,24,Female,IndiGo,6E902,National,HYD,DEL,Hyderabad,Delhi,02-09-2025,6.15,8.5,27B,Economy,160,10.4,Cancelled,0,Mobile App,Vegan,900
PAX0039,Amit Joshi,40,Male,Singapore Airlines,SQ421,International,BLR,SIN,Bangalore,Singapore,02-10-2025,21.1,3,6C,Business,1340,22.6,On Time,0,Website,Non-Veg,8700
PAX0040,Neha Bhatia,33,Female,Lufthansa,LH880,International,DEL,JFK,Delhi,New York,02-10-2025,2.5,15.3,1F,First,2600,31.4,Delayed,90,Travel Agent,Veg,15000
PAX0041,Ramesh Kumar,47,Male,Air India,AI309,International,MAA,DXB,Chennai,Dubai,02-11-2025,13.05,17.15,16C,Economy,390,16.1,On Time,0,Website,Non-Veg,3000
PAX0042,Kavya Reddy,28,Female,Delta,DL890,International,BLR,LHR,Bangalore,London,02-11-2025,7.45,18.1,11D,Premium Economy,980,21,Cancelled,0,Mobile App,Veg,7200
PAX0043,Aditya Sen,39,Male,IndiGo,6E999,National,DEL,BOM,Delhi,Mumbai,02-12-2025,11.3,13.4,20E,Economy,110,8.6,On Time,0,Website,Non-Veg,1500
PAX0044,Shreya Pillai,26,Female,Air India,AI445,National,CCU,HYD,Kolkata,Hyderabad,02-12-2025,16,18.25,13A,Economy,140,11.2,Delayed,20,Website,Veg,2700
PAX0045,Nitin Arora,50,Male,Emirates,EK720,International,MAA,SIN,Chennai,Singapore,2/13/2025,21.1,4.5,2D,Business,1450,25.9,On Time,0,Travel Agent,Jain,11800
PAX0046,Ishita Mehra,31,Female,Qatar Airways,QR311,International,DEL,DXB,Delhi,Dubai,2/13/2025,4.25,8,24F,Economy,330,13.5,Cancelled,0,Mobile App,Vegan,2100
PAX0047,Manish Agarwal,44,Male,IndiGo,6E333,National,BOM,CCU,Mumbai,Kolkata,2/14/2025,9.1,11.4,15B,Economy,125,12,On Time,0,Website,Non-Veg,2100
PAX0048,Sneha Iyer,25,Female,Air India,AI512,International,DEL,LHR,Delhi,London,2/14/2025,1.15,9.5,2C,Business,860,24,Delayed,50,Mobile App,Veg,8400
PAX0049,Vikram Rao,38,Male,Singapore Airlines,SQ318,International,HYD,JFK,Hyderabad,New York,2/15/2025,22,13.45,4D,Business,1980,27.5,On Time,0,Mobile App,Non-Veg,9700
PAX0050,Meera Kapoor,31,Female,Lufthansa,LH760,International,DEL,FRA,Delhi,Frankfurt,2/15/2025,3.45,11.2,18F,Premium Economy,980,19.3,On Time,0,Website,Veg,5400
PAX0051,Kunal Verma,35,Male,Emirates,EK601,International,BOM,LHR,Mumbai,London,2/16/2025,2.1,8.5,3A,Business,1800,26.5,On Time,0,Travel Agent,Non-Veg,12000
PAX0052,Anjali Nair,28,Female,IndiGo,6E402,National,MAA,DEL,Chennai,Delhi,2/16/2025,6.45,9.2,14C,Economy,150,11.2,Delayed,30,Mobile App,Veg,3200
PAX0053,Rohit Sharma,41,Male,Air India,AI101,International,DEL,JFK,Delhi,New York,2/17/2025,1.3,14.1,2B,First,2800,32,On Time,0,Website,Non-Veg,15000
PAX0054,Priya Iyer,30,Female,Qatar Airways,QR556,International,BLR,DXB,Bangalore,Dubai,2/17/2025,9.1,11.45,22A,Economy,410,14.5,Cancelled,0,Mobile App,Vegan,4100
PAX0055,Suresh Kumar,48,Male,Lufthansa,LH220,International,DEL,FRA,Delhi,Frankfurt,2/18/2025,3,10.45,7C,Premium Economy,990,20.8,On Time,0,Travel Agent,Jain,8000
PAX0056,Neha Kapoor,27,Female,Singapore Airlines,SQ401,International,BLR,SIN,Bangalore,Singapore,2/18/2025,21.2,3.1,5D,Business,1400,23,Delayed,45,Website,Veg,9000
PAX0057,Vikram Patel,39,Male,Delta,DL300,International,BOM,JFK,Mumbai,New York,2/19/2025,5.5,17.3,18B,Economy,760,16,On Time,0,Mobile App,Non-Veg,4200
PAX0058,Divya Menon,32,Female,IndiGo,6E611,National,HYD,CCU,Hyderabad,Kolkata,2/19/2025,14.1,16.4,21D,Economy,135,10.8,Cancelled,0,Website,Veg,2800
PAX0059,Amit Joshi,40,Male,British Airways,BA900,International,MAA,LHR,Chennai,London,2/20/2025,10,18.3,4A,Business,1700,27,On Time,0,Travel Agent,Non-Veg,11000
PAX0060,Pooja Singh,25,Female,Air India,AI650,National,DEL,BLR,Delhi,Bangalore,2/20/2025,7.25,10.1,19A,Economy,140,9.5,Delayed,20,Mobile App,Vegan,2500
PAX0061,Sanjay Patel,52,Male,Emirates,EK777,International,BOM,DXB,Mumbai,Dubai,2/21/2025,23.3,2.55,6E,Business,1300,28,On Time,0,Travel Agent,Jain,14500
PAX0062,Kavya Reddy,28,Female,Lufthansa,LH510,International,DEL,JFK,Delhi,New York,2/21/2025,2.4,15.2,1D,First,2600,30.5,Cancelled,0,Website,Veg,14000
PAX0063,Ramesh Iyer,46,Male,Air India,AI305,International,MAA,DXB,Chennai,Dubai,2/22/2025,13.15,17.25,16A,Economy,380,15.8,On Time,0,Website,Non-Veg,3100
PAX0064,Isha Khan,24,Female,Qatar Airways,QR120,International,DEL,SIN,Delhi,Singapore,2/22/2025,4.1,12.3,25C,Economy,360,13,Delayed,55,Mobile App,Vegan,2200
PAX0065,Aditya Sen,38,Male,IndiGo,6E888,National,BOM,DEL,Mumbai,Delhi,2/23/2025,11.45,13.55,12B,Economy,120,8.5,On Time,0,Website,Non-Veg,1600
PAX0066,Shreya Pillai,26,Female,Air India,AI455,National,CCU,HYD,Kolkata,Hyderabad,2/23/2025,16.2,18.5,13C,Economy,145,11,Cancelled,0,Mobile App,Veg,2900
PAX0067,Nitin Arora,50,Male,Emirates,EK720,International,MAA,SIN,Chennai,Singapore,2/24/2025,21.1,4.5,2D,Business,1450,25.9,On Time,0,Travel Agent,Jain,11800
PAX0068,Aisha Khan,23,Female,Qatar Airways,QR311,International,DEL,DXB,Delhi,Dubai,2/24/2025,4.25,8,24F,Economy,330,13.5,Cancelled,0,Mobile App,Vegan,2100
PAX0069,Manoj Gupta,42,Male,IndiGo,6.00E+245,National,BOM,CCU,Mumbai,Kolkata,2/25/2025,8.1,10.45,14A,Economy,130,12.5,On Time,0,Website,Veg,2000
PAX0070,Ritu Malhotra,35,Female,Air India,AI701,International,DEL,LHR,Delhi,London,2/25/2025,1.2,9.4,3B,Business,1750,25,Delayed,40,Travel Agent,Non-Veg,11200
PAX0071,Suresh Iyer,44,Male,Emirates,EK301,International,BOM,DXB,Mumbai,Dubai,2/26/2025,23.3,2.1,6F,Economy,420,18,On Time,0,Mobile App,Veg,3200
PAX0072,Nisha Agarwal,31,Female,Qatar Airways,QR441,International,HYD,SIN,Hyderabad,Singapore,2/26/2025,9.15,15.3,10C,Premium Economy,780,20.2,Delayed,55,Website,Vegan,6100
PAX0073,Deepak Chawla,37,Male,Lufthansa,LH455,International,DEL,FRA,Delhi,Frankfurt,2/27/2025,3.5,11.1,5A,Business,1400,23.5,On Time,0,Travel Agent,Non-Veg,9200
PAX0074,Isha Rangan,28,Female,Delta,DL221,International,BOM,JFK,Mumbai,New York,2/27/2025,6.4,17.55,22D,Economy,760,16.8,Cancelled,0,Website,Veg,4100
PAX0075,Rajesh Kumar,49,Male,IndiGo,6E510,National,DEL,BLR,Delhi,Bangalore,2/28/2025,11.2,13.4,18B,Economy,120,9.2,On Time,0,Mobile App,Non-Veg,1800
PAX0076,Priyanka Das,26,Female,Air India,AI432,National,CCU,HYD,Kolkata,Hyderabad,2/28/2025,15.1,17.35,21A,Economy,140,11,Delayed,25,Website,Veg,2500
PAX0077,Arjun Kapoor,33,Male,Singapore Airlines,SQ318,International,BLR,SIN,Bangalore,Singapore,03-01-2025,20.3,2.2,4C,Business,1350,24,On Time,0,Mobile App,Non-Veg,8800
PAX0078,Megha Jain,29,Female,British Airways,BA144,International,MAA,LHR,Chennai,London,03-01-2025,10.05,18.15,7D,Premium Economy,980,19.5,Cancelled,0,Travel Agent,Veg,5400
PAX0079,Sandeep Rao,41,Male,Emirates,EK520,International,BOM,DXB,Mumbai,Dubai,03-02-2025,23.1,2.5,2A,Business,1250,27,On Time,0,Website,Jain,13500
PAX0080,Neha Sharma,27,Female,IndiGo,6E880,National,DEL,MAA,Delhi,Chennai,03-02-2025,7.3,10.05,19F,Economy,135,10,Delayed,20,Mobile App,Vegan,3100
PAX0081,Vikram Singh,38,Male,Air India,AI609,International,BOM,JFK,Mumbai,New York,03-03-2025,2.15,14.3,6B,Business,1950,28.5,On Time,0,Travel Agent,Non-Veg,9900
PAX0082,Aisha Khan,24,Female,Qatar Airways,QR112,International,DEL,DXB,Delhi,Dubai,03-03-2025,4.5,8.25,24C,Economy,340,13.2,Cancelled,0,Website,Vegan,2100
PAX0083,Rohit Menon,36,Male,IndiGo,6E777,National,CCU,BOM,Kolkata,Mumbai,03-04-2025,12.4,15.1,13D,Economy,150,12.8,On Time,0,Mobile App,Non-Veg,1900
PAX0084,Divya Krishnan,30,Female,Lufthansa,LH910,International,DEL,FRA,Delhi,Frankfurt,03-04-2025,3.25,11.05,8A,Premium Economy,990,21.5,Delayed,35,Website,Veg,6100
PAX0085,Sanjay Patel,52,Male,Emirates,EK501,International,BOM,DXB,Mumbai,Dubai,03-05-2025,23.45,3.1,5E,Business,1200,29,On Time,0,Travel Agent,Jain,14000
PAX0086,Pooja Singh,24,Female,IndiGo,6E902,National,HYD,DEL,Hyderabad,Delhi,03-05-2025,6.15,8.5,27B,Economy,160,10.4,Cancelled,0,Mobile App,Vegan,900
PAX0087,Amit Joshi,40,Male,Singapore Airlines,SQ421,International,BLR,SIN,Bangalore,Singapore,03-06-2025,21.1,3,6C,Business,1340,22.6,On Time,0,Website,Non-Veg,8700
PAX0088,Neha Bhatia,33,Female,Lufthansa,LH880,International,DEL,JFK,Delhi,New York,03-06-2025,2.5,15.3,1F,First,2600,31.4,Delayed,90,Travel Agent,Veg,15000
PAX0089,Ramesh Kumar,47,Male,Air India,AI309,International,MAA,DXB,Chennai,Dubai,03-07-2025,13.05,17.15,16C,Economy,390,16.1,On Time,0,Website,Non-Veg,3000
PAX0090,Kavya Reddy,28,Female,Delta,DL890,International,BLR,LHR,Bangalore,London,03-07-2025,7.45,18.1,11D,Premium Economy,980,21,Cancelled,0,Mobile App,Veg,7200
PAX0091,Aditya Sen,39,Male,IndiGo,6E999,National,DEL,BOM,Delhi,Mumbai,03-08-2025,11.3,13.4,20E,Economy,110,8.6,On Time,0,Website,Non-Veg,1500
PAX0092,Shreya Pillai,26,Female,Air India,AI445,National,CCU,HYD,Kolkata,Hyderabad,03-08-2025,16,18.25,13A,Economy,140,11.2,Delayed,20,Website,Veg,2700
PAX0093,Nitin Arora,50,Male,Emirates,EK720,International,MAA,SIN,Chennai,Singapore,03-09-2025,21.1,4.5,2D,Business,1450,25.9,On Time,0,Travel Agent,Jain,11800
PAX0094,Ishita Mehra,31,Female,Qatar Airways,QR311,International,DEL,DXB,Delhi,Dubai,03-09-2025,4.25,8,24F,Economy,330,13.5,Cancelled,0,Mobile App,Vegan,2100
PAX0095,Manish Agarwal,44,Male,IndiGo,6E333,National,BOM,CCU,Mumbai,Kolkata,03-10-2025,9.1,11.4,15B,Economy,125,12,On Time,0,Website,Non-Veg,2100
PAX0096,Sneha Iyer,25,Female,Air India,AI512,International,DEL,LHR,Delhi,London,03-10-2025,1.15,9.5,2C,Business,860,24,Delayed,50,Mobile App,Veg,8400
PAX0097,Vikram Rao,38,Male,Singapore Airlines,SQ318,International,HYD,JFK,Hyderabad,New York,03-11-2025,22,13.45,4D,Business,1980,27.5,On Time,0,Mobile App,Non-Veg,9700
PAX0098,Meera Kapoor,31,Female,Lufthansa,LH760,International,DEL,FRA,Delhi,Frankfurt,03-11-2025,3.45,11.2,18F,Premium Economy,980,19.3,On Time,0,Website,Veg,5400
PAX0099,Kunal Verma,35,Male,Emirates,EK601,International,BOM,LHR,Mumbai,London,03-12-2025,2.1,8.5,3A,Business,1800,26.5,On Time,0,Travel Agent,Non-Veg,12000
PAX0100,Anjali Nair,28,Female,IndiGo,6E402,National,MAA,DEL,Chennai,Delhi,03-12-2025,6.45,9.2,14C,Economy,150,11.2,Delayed,30,Mobile App,Veg,3200
PAX0101,Arjun Mehta,41,Male,Emirates,EK220,International,DEL,LHR,Delhi,London,3/13/2025,1.2,9.55,1A,First,2450,30.2,On Time,0,Travel Agent,Non-Veg,13200
PAX0102,Sneha Iyer,25,Female,Qatar Airways,QR901,International,BLR,SIN,Bangalore,Singapore,3/13/2025,8.1,14,22B,Economy,420,15.6,Cancelled,0,Website,Vegan,3500
PAX0103,Vikram Rao,38,Male,Singapore Airlines,SQ318,International,HYD,JFK,Hyderabad,New York,3/14/2025,22,13.45,4D,Business,1980,27.5,On Time,0,Mobile App,Non-Veg,9700
PAX0104,Meera Kapoor,31,Female,Lufthansa,LH760,International,DEL,FRA,Delhi,Frankfurt,3/14/2025,3.45,11.2,18F,Premium Economy,980,19.3,Delayed,35,Website,Veg,5400
PAX0105,Karan Verma,45,Male,British Airways,BA256,International,MAA,LHR,Chennai,London,3/15/2025,10.15,18.3,3A,Business,1650,26.8,On Time,0,Travel Agent,Non-Veg,11000
PAX0106,Ananya Das,27,Female,Delta,DL404,International,BOM,JFK,Mumbai,New York,3/15/2025,5.5,17.2,25C,Economy,740,17.2,Cancelled,0,Website,Veg,4100
PAX0107,Rohit Menon,36,Male,IndiGo,6E788,National,CCU,BLR,Kolkata,Bangalore,3/16/2025,14.25,17.1,14D,Economy,125,12,On Time,0,Mobile App,Non-Veg,1800
PAX0108,Divya Krishnan,30,Female,Air India,AI662,National,DEL,MAA,Delhi,Chennai,3/16/2025,9.4,12.25,9B,Premium Economy,310,20.5,Delayed,35,Website,Veg,6200
PAX0109,Sanjay Patel,52,Male,Emirates,EK501,International,BOM,DXB,Mumbai,Dubai,3/17/2025,23.15,2.55,5F,Business,1200,28,On Time,0,Travel Agent,Jain,14000
PAX0110,Pooja Singh,24,Female,IndiGo,6E902,National,HYD,DEL,Hyderabad,Delhi,3/17/2025,6.1,8.4,28A,Economy,160,10.4,Cancelled,0,Mobile App,Vegan,900
PAX0111,Amit Joshi,40,Male,Singapore Airlines,SQ422,International,BLR,SIN,Bangalore,Singapore,3/18/2025,20.2,2.1,6C,Business,1340,22.6,On Time,0,Website,Non-Veg,8700
PAX0112,Neha Bhatia,33,Female,Lufthansa,LH880,International,DEL,JFK,Delhi,New York,3/18/2025,2.5,15.3,1F,First,2600,31.4,Delayed,90,Travel Agent,Veg,15000
PAX0113,Ramesh Kumar,47,Male,Air India,AI309,International,MAA,DXB,Chennai,Dubai,3/19/2025,13.05,17.15,16C,Economy,390,16.1,On Time,0,Website,Non-Veg,3000
PAX0114,Kavya Reddy,28,Female,Delta,DL890,International,BLR,LHR,Bangalore,London,3/19/2025,7.45,18.1,11D,Premium Economy,980,21,Cancelled,0,Mobile App,Veg,7200
PAX0115,Aditya Sen,39,Male,IndiGo,6E999,National,DEL,BOM,Delhi,Mumbai,3/20/2025,11.3,13.4,20E,Economy,110,8.6,On Time,0,Website,Non-Veg,1500
PAX0116,Shreya Pillai,26,Female,Air India,AI445,National,CCU,HYD,Kolkata,Hyderabad,3/20/2025,16,18.25,13A,Economy,140,11.2,Delayed,20,Website,Veg,2700
PAX0117,Nitin Arora,50,Male,Emirates,EK720,International,MAA,SIN,Chennai,Singapore,3/21/2025,21.1,4.5,2D,Business,1450,25.9,On Time,0,Travel Agent,Jain,11800
PAX0118,Ishita Mehra,31,Female,Qatar Airways,QR311,International,DEL,DXB,Delhi,Dubai,3/21/2025,4.25,8,24F,Economy,330,13.5,Cancelled,0,Mobile App,Vegan,2100
PAX0119,Manish Agarwal,44,Male,IndiGo,6E333,National,BOM,CCU,Mumbai,Kolkata,3/22/2025,9.1,11.4,15B,Economy,125,12,On Time,0,Website,Non-Veg,2100
PAX0120,Sneha Iyer,25,Female,Air India,AI512,International,DEL,LHR,Delhi,London,3/22/2025,1.15,9.5,2C,Business,860,24,Delayed,50,Mobile App,Veg,8400
PAX0121,Vikram Singh,38,Male,Singapore Airlines,SQ318,International,HYD,JFK,Hyderabad,New York,3/23/2025,22,13.45,4D,Business,1980,27.5,On Time,0,Mobile App,Non-Veg,9700
PAX0122,Meera Kapoor,31,Female,Lufthansa,LH760,International,DEL,FRA,Delhi,Frankfurt,3/23/2025,3.45,11.2,18F,Premium Economy,980,19.3,On Time,0,Website,Veg,5400
PAX0123,Kunal Verma,35,Male,Emirates,EK601,International,BOM,LHR,Mumbai,London,3/24/2025,2.1,8.5,3A,Business,1800,26.5,On Time,0,Travel Agent,Non-Veg,12000
PAX0124,Anjali Nair,28,Female,IndiGo,6E402,National,MAA,DEL,Chennai,Delhi,3/24/2025,6.45,9.2,14C,Economy,150,11.2,Delayed,30,Mobile App,Veg,3200
PAX0125,Arjun Mehta,41,Male,Emirates,EK220,International,DEL,LHR,Delhi,London,3/25/2025,1.2,9.55,1A,First,2450,30.2,On Time,0,Travel Agent,Non-Veg,13200
PAX0126,Sneha Iyer,25,Female,Qatar Airways,QR901,International,BLR,SIN,Bangalore,Singapore,3/25/2025,8.1,14,22B,Economy,420,15.6,Cancelled,0,Website,Vegan,3500
PAX0127,Vikram Rao,38,Male,Singapore Airlines,SQ318,International,HYD,JFK,Hyderabad,New York,3/26/2025,22,13.45,4D,Business,1980,27.5,On Time,0,Mobile App,Non-Veg,9700
PAX0128,Meera Kapoor,31,Female,Lufthansa,LH760,International,DEL,FRA,Delhi,Frankfurt,3/26/2025,3.45,11.2,18F,Premium Economy,980,19.3,Delayed,35,Website,Veg,5400
PAX0129,Karan Verma,45,Male,British Airways,BA256,International,MAA,LHR,Chennai,London,3/27/2025,10.15,18.3,3A,Business,1650,26.8,On Time,0,Travel Agent,Non-Veg,11000
PAX0130,Ananya Das,27,Female,Delta,DL404,International,BOM,JFK,Mumbai,New York,3/27/2025,5.5,17.2,25C,Economy,740,17.2,Cancelled,0,Website,Veg,4100
PAX0131,Rohit Menon,36,Male,IndiGo,6E788,National,CCU,BLR,Kolkata,Bangalore,3/28/2025,14.25,17.1,14D,Economy,125,12,On Time,0,Mobile App,Non-Veg,1800
PAX0132,Divya Krishnan,30,Female,Air India,AI662,National,DEL,MAA,Delhi,Chennai,3/28/2025,9.4,12.25,9B,Premium Economy,310,20.5,Delayed,35,Website,Veg,6200
PAX0133,Sanjay Patel,52,Male,Emirates,EK501,International,BOM,DXB,Mumbai,Dubai,3/29/2025,23.15,2.55,5F,Business,1200,28,On Time,0,Travel Agent,Jain,14000
PAX0134,Pooja Singh,24,Female,IndiGo,6E902,National,HYD,DEL,Hyderabad,Delhi,3/29/2025,6.1,8.4,28A,Economy,160,10.4,Cancelled,0,Mobile App,Vegan,900
PAX0135,Amit Joshi,40,Male,Singapore Airlines,SQ422,International,BLR,SIN,Bangalore,Singapore,3/30/2025,20.2,2.1,6C,Business,1340,22.6,On Time,0,Website,Non-Veg,8700
PAX0136,Neha Bhatia,33,Female,Lufthansa,LH880,International,DEL,JFK,Delhi,New York,3/30/2025,2.5,15.3,1F,First,2600,31.4,Delayed,90,Travel Agent,Veg,15000
PAX0137,Ramesh Kumar,47,Male,Air India,AI309,International,MAA,DXB,Chennai,Dubai,3/31/2025,13.05,17.15,16C,Economy,390,16.1,On Time,0,Website,Non-Veg,3000
PAX0138,Kavya Reddy,28,Female,Delta,DL890,International,BLR,LHR,Bangalore,London,3/31/2025,7.45,18.1,11D,Premium Economy,980,21,Cancelled,0,Mobile App,Veg,7200
PAX0139,Aditya Sen,39,Male,IndiGo,6E999,National,DEL,BOM,Delhi,Mumbai,04-01-2025,11.3,13.4,20E,Economy,110,8.6,On Time,0,Website,Non-Veg,1500
PAX0140,Shreya Pillai,26,Female,Air India,AI445,National,CCU,HYD,Kolkata,Hyderabad,04-01-2025,16,18.25,13A,Economy,140,11.2,Delayed,20,Website,Veg,2700
PAX0141,Nitin Arora,50,Male,Emirates,EK720,International,MAA,SIN,Chennai,Singapore,04-02-2025,21.1,4.5,2D,Business,1450,25.9,On Time,0,Travel Agent,Jain,11800
PAX0142,Ishita Mehra,31,Female,Qatar Airways,QR311,International,DEL,DXB,Delhi,Dubai,04-02-2025,4.25,8,24F,Economy,330,13.5,Cancelled,0,Mobile App,Vegan,2100
PAX0143,Manish Agarwal,44,Male,IndiGo,6E333,National,BOM,CCU,Mumbai,Kolkata,04-03-2025,9.1,11.4,15B,Economy,125,12,On Time,0,Website,Non-Veg,2100
PAX0144,Sneha Iyer,25,Female,Air India,AI512,International,DEL,LHR,Delhi,London,04-03-2025,1.15,9.5,2C,Business,860,24,Delayed,50,Mobile App,Veg,8400
PAX0145,Vikram Singh,38,Male,Singapore Airlines,SQ318,International,HYD,JFK,Hyderabad,New York,04-04-2025,22,13.45,4D,Business,1980,27.5,On Time,0,Mobile App,Non-Veg,9700
PAX0146,Meera Kapoor,31,Female,Lufthansa,LH760,International,DEL,FRA,Delhi,Frankfurt,04-04-2025,3.45,11.2,18F,Premium Economy,980,19.3,On Time,0,Website,Veg,5400
PAX0147,Kunal Verma,35,Male,Emirates,EK601,International,BOM,LHR,Mumbai,London,04-05-2025,2.1,8.5,3A,Business,1800,26.5,On Time,0,Travel Agent,Non-Veg,12000
PAX0148,Anjali Nair,28,Female,IndiGo,6E402,National,MAA,DEL,Chennai,Delhi,04-05-2025,6.45,9.2,14C,Economy,150,11.2,Delayed,30,Mobile App,Veg,3200
PAX0149,Arjun Mehta,41,Male,Emirates,EK220,International,DEL,LHR,Delhi,London,04-06-2025,1.2,9.55,1A,First,2450,30.2,On Time,0,Travel Agent,Non-Veg,13200
PAX0150,Sneha Iyer,25,Female,Qatar Airways,QR901,International,BLR,SIN,Bangalore,Singapore,04-06-2025,8.1,14,22B,Economy,420,15.6,Cancelled,0,Website,Vegan,3500
PAX0151,Vikram Rao,38,Male,Singapore Airlines,SQ318,International,HYD,JFK,Hyderabad,New York,04-07-2025,22,13.45,4D,Business,1980,27.5,On Time,0,Mobile App,Non-Veg,9700
PAX0152,Meera Kapoor,31,Female,Lufthansa,LH760,International,DEL,FRA,Delhi,Frankfurt,04-07-2025,3.45,11.2,18F,Premium Economy,980,19.3,Delayed,35,Website,Veg,5400
PAX0153,Karan Verma,45,Male,British Airways,BA256,International,MAA,LHR,Chennai,London,04-08-2025,10.15,18.3,3A,Business,1650,26.8,On Time,0,Travel Agent,Non-Veg,11000
PAX0154,Ananya Das,27,Female,Delta,DL404,International,BOM,JFK,Mumbai,New York,04-08-2025,5.5,17.2,25C,Economy,740,17.2,Cancelled,0,Website,Veg,4100
PAX0155,Rohit Menon,36,Male,IndiGo,6E788,National,CCU,BLR,Kolkata,Bangalore,04-09-2025,14.25,17.1,14D,Economy,125,12,On Time,0,Mobile App,Non-Veg,1800
PAX0156,Divya Krishnan,30,Female,Air India,AI662,National,DEL,MAA,Delhi,Chennai,04-09-2025,9.4,12.25,9B,Premium Economy,310,20.5,Delayed,35,Website,Veg,6200
PAX0157,Sanjay Patel,52,Male,Emirates,EK501,International,BOM,DXB,Mumbai,Dubai,04-10-2025,23.15,2.55,5F,Business,1200,28,On Time,0,Travel Agent,Jain,14000
PAX0158,Pooja Singh,24,Female,IndiGo,6E902,National,HYD,DEL,Hyderabad,Delhi,04-10-2025,6.1,8.4,28A,Economy,160,10.4,Cancelled,0,Mobile App,Vegan,900
PAX0159,Amit Joshi,40,Male,Singapore Airlines,SQ422,International,BLR,SIN,Bangalore,Singapore,04-11-2025,20.2,2.1,6C,Business,1340,22.6,On Time,0,Website,Non-Veg,8700
PAX0160,Neha Bhatia,33,Female,Lufthansa,LH880,International,DEL,JFK,Delhi,New York,04-11-2025,2.5,15.3,1F,First,2600,31.4,Delayed,90,Travel Agent,Veg,15000
PAX0161,Ramesh Kumar,47,Male,Air India,AI309,International,MAA,DXB,Chennai,Dubai,04-12-2025,13.05,17.15,16C,Economy,390,16.1,On Time,0,Website,Non-Veg,3000
PAX0162,Kavya Reddy,28,Female,Delta,DL890,International,BLR,LHR,Bangalore,London,04-12-2025,7.45,18.1,11D,Premium Economy,980,21,Cancelled,0,Mobile App,Veg,7200
PAX0163,Aditya Sen,39,Male,IndiGo,6E999,National,DEL,BOM,Delhi,Mumbai,4/13/2025,11.3,13.4,20E,Economy,110,8.6,On Time,0,Website,Non-Veg,1500
PAX0164,Shreya Pillai,26,Female,Air India,AI445,National,CCU,HYD,Kolkata,Hyderabad,4/13/2025,16,18.25,13A,Economy,140,11.2,Delayed,20,Website,Veg,2700
PAX0165,Nitin Arora,50,Male,Emirates,EK720,International,MAA,SIN,Chennai,Singapore,4/14/2025,21.1,4.5,2D,Business,1450,25.9,On Time,0,Travel Agent,Jain,11800
PAX0166,Ishita Mehra,31,Female,Qatar Airways,QR311,International,DEL,DXB,Delhi,Dubai,4/14/2025,4.25,8,24F,Economy,330,13.5,Cancelled,0,Mobile App,Vegan,2100
PAX0167,Manish Agarwal,44,Male,IndiGo,6E333,National,BOM,CCU,Mumbai,Kolkata,4/15/2025,9.1,11.4,15B,Economy,125,12,On Time,0,Website,Non-Veg,2100
PAX0168,Sneha Iyer,25,Female,Air India,AI512,International,DEL,LHR,Delhi,London,4/15/2025,1.15,9.5,2C,Business,860,24,Delayed,50,Mobile App,Veg,8400
PAX0169,Vikram Singh,38,Male,Singapore Airlines,SQ318,International,HYD,JFK,Hyderabad,New York,4/16/2025,22,13.45,4D,Business,1980,27.5,On Time,0,Mobile App,Non-Veg,9700
PAX0170,Meera Kapoor,31,Female,Lufthansa,LH760,International,DEL,FRA,Delhi,Frankfurt,4/16/2025,3.45,11.2,18F,Premium Economy,980,19.3,On Time,0,Website,Veg,5400
PAX0171,Kunal Verma,35,Male,Emirates,EK601,International,BOM,LHR,Mumbai,London,4/17/2025,2.1,8.5,3A,Business,1800,26.5,On Time,0,Travel Agent,Non-Veg,12000
PAX0172,Anjali Nair,28,Female,IndiGo,6E402,National,MAA,DEL,Chennai,Delhi,4/17/2025,6.45,9.2,14C,Economy,150,11.2,Delayed,30,Mobile App,Veg,3200
PAX0173,Arjun Mehta,41,Male,Emirates,EK220,International,DEL,LHR,Delhi,London,4/18/2025,1.2,9.55,1A,First,2450,30.2,On Time,0,Travel Agent,Non-Veg,13200
PAX0174,Sneha Iyer,25,Female,Qatar Airways,QR901,International,BLR,SIN,Bangalore,Singapore,4/18/2025,8.1,14,22B,Economy,420,15.6,Cancelled,0,Website,Vegan,3500
PAX0175,Vikram Rao,38,Male,Singapore Airlines,SQ318,International,HYD,JFK,Hyderabad,New York,4/19/2025,22,13.45,4D,Business,1980,27.5,On Time,0,Mobile App,Non-Veg,9700
PAX0176,Meera Kapoor,31,Female,Lufthansa,LH760,International,DEL,FRA,Delhi,Frankfurt,4/19/2025,3.45,11.2,18F,Premium Economy,980,19.3,Delayed,35,Website,Veg,5400
PAX0177,Karan Verma,45,Male,British Airways,BA256,International,MAA,LHR,Chennai,London,4/20/2025,10.15,18.3,3A,Business,1650,26.8,On Time,0,Travel Agent,Non-Veg,11000
PAX0178,Ananya Das,27,Female,Delta,DL404,International,BOM,JFK,Mumbai,New York,4/20/2025,5.5,17.2,25C,Economy,740,17.2,Cancelled,0,Website,Veg,4100
PAX0179,Rohit Menon,36,Male,IndiGo,6E788,National,CCU,BLR,Kolkata,Bangalore,4/21/2025,14.25,17.1,14D,Economy,125,12,On Time,0,Mobile App,Non-Veg,1800
PAX0180,Divya Krishnan,30,Female,Air India,AI662,National,DEL,MAA,Delhi,Chennai,4/21/2025,9.4,12.25,9B,Premium Economy,310,20.5,Delayed,35,Website,Veg,6200
PAX0181,Sanjay Patel,52,Male,Emirates,EK501,International,BOM,DXB,Mumbai,Dubai,4/22/2025,23.15,2.55,5F,Business,1200,28,On Time,0,Travel Agent,Jain,14000
PAX0182,Pooja Singh,24,Female,IndiGo,6E902,National,HYD,DEL,Hyderabad,Delhi,4/22/2025,6.1,8.4,28A,Economy,160,10.4,Cancelled,0,Mobile App,Vegan,900
PAX0183,Amit Joshi,40,Male,Singapore Airlines,SQ422,International,BLR,SIN,Bangalore,Singapore,4/23/2025,20.2,2.1,6C,Business,1340,22.6,On Time,0,Website,Non-Veg,8700
PAX0184,Neha Bhatia,33,Female,Lufthansa,LH880,International,DEL,JFK,Delhi,New York,4/23/2025,2.5,15.3,1F,First,2600,31.4,Delayed,90,Travel Agent,Veg,15000
PAX0185,Ramesh Kumar,47,Male,Air India,AI309,International,MAA,DXB,Chennai,Dubai,4/24/2025,13.05,17.15,16C,Economy,390,16.1,On Time,0,Website,Non-Veg,3000
PAX0186,Kavya Reddy,28,Female,Delta,DL890,International,BLR,LHR,Bangalore,London,4/24/2025,7.45,18.1,11D,Premium Economy,980,21,Cancelled,0,Mobile App,Veg,7200
PAX0187,Aditya Sen,39,Male,IndiGo,6E999,National,DEL,BOM,Delhi,Mumbai,4/25/2025,11.3,13.4,20E,Economy,110,8.6,On Time,0,Website,Non-Veg,1500
PAX0188,Shreya Pillai,26,Female,Air India,AI445,National,CCU,HYD,Kolkata,Hyderabad,4/25/2025,16,18.25,13A,Economy,140,11.2,Delayed,20,Website,Veg,2700
PAX0189,Nitin Arora,50,Male,Emirates,EK720,International,MAA,SIN,Chennai,Singapore,4/26/2025,21.1,4.5,2D,Business,1450,25.9,On Time,0,Travel Agent,Jain,11800
PAX0190,Ishita Mehra,31,Female,Qatar Airways,QR311,International,DEL,DXB,Delhi,Dubai,4/26/2025,4.25,8,24F,Economy,330,13.5,Cancelled,0,Mobile App,Vegan,2100
PAX0191,Manish Agarwal,44,Male,IndiGo,6E333,National,BOM,CCU,Mumbai,Kolkata,4/27/2025,9.1,11.4,15B,Economy,125,12,On Time,0,Website,Non-Veg,2100
PAX0192,Sneha Iyer,25,Female,Air India,AI512,International,DEL,LHR,Delhi,London,4/27/2025,1.15,9.5,2C,Business,860,24,Delayed,50,Mobile App,Veg,8400
PAX0193,Vikram Singh,38,Male,Singapore Airlines,SQ318,International,HYD,JFK,Hyderabad,New York,4/28/2025,22,13.45,4D,Business,1980,27.5,On Time,0,Mobile App,Non-Veg,9700
PAX0194,Meera Kapoor,31,Female,Lufthansa,LH760,International,DEL,FRA,Delhi,Frankfurt,4/28/2025,3.45,11.2,18F,Premium Economy,980,19.3,On Time,0,Website,Veg,5400
PAX0195,Kunal Verma,35,Male,Emirates,EK601,International,BOM,LHR,Mumbai,London,4/29/2025,2.1,8.5,3A,Business,1800,26.5,On Time,0,Travel Agent,Non-Veg,12000
PAX0196,Anjali Nair,28,Female,IndiGo,6E402,National,MAA,DEL,Chennai,Delhi,4/29/2025,6.45,9.2,14C,Economy,150,11.2,Delayed,30,Mobile App,Veg,3200
PAX0197,Arjun Mehta,41,Male,Emirates,EK220,International,DEL,LHR,Delhi,London,4/30/2025,1.2,9.55,1A,First,2450,30.2,On Time,0,Travel Agent,Non-Veg,13200
PAX0198,Sneha Iyer,25,Female,Qatar Airways,QR901,International,BLR,SIN,Bangalore,Singapore,4/30/2025,8.1,14,22B,Economy,420,15.6,Cancelled,0,Website,Vegan,3500
PAX0199,Vikram Rao,38,Male,Singapore Airlines,SQ318,International,HYD,JFK,Hyderabad,New York,05-01-2025,22,13.45,4D,Business,1980,27.5,On Time,0,Mobile App,Non-Veg,9700
PAX0200,Meera Kapoor,31,Female,Lufthansa,LH760,International,DEL,FRA,Delhi,Frankfurt,05-01-2025,3.45,11.2,18F,Premium Economy,980,19.3,Delayed,35,Website,Veg,5400
PAX0201,Arjun Mehta,41,Male,Emirates,EK220,International,DEL,LHR,Delhi,London,05-02-2025,1.2,9.55,1A,First,2450,30.2,On Time,0,Travel Agent,Non-Veg,13200
PAX0202,Sneha Iyer,25,Female,Qatar Airways,QR901,International,BLR,SIN,Bangalore,Singapore,05-02-2025,8.1,14,22B,Economy,420,15.6,Cancelled,0,Website,Vegan,3500
PAX0203,Vikram Rao,38,Male,Singapore Airlines,SQ318,International,HYD,JFK,Hyderabad,New York,05-03-2025,22,13.45,4D,Business,1980,27.5,On Time,0,Mobile App,Non-Veg,9700
PAX0204,Meera Kapoor,31,Female,Lufthansa,LH760,International,DEL,FRA,Delhi,Frankfurt,05-03-2025,3.45,11.2,18F,Premium Economy,980,19.3,Delayed,35,Website,Veg,5400
PAX0205,Karan Verma,45,Male,British Airways,BA256,International,MAA,LHR,Chennai,London,05-04-2025,10.15,18.3,3A,Business,1650,26.8,On Time,0,Travel Agent,Non-Veg,11000
PAX0206,Ananya Das,27,Female,Delta,DL404,International,BOM,JFK,Mumbai,New York,05-04-2025,5.5,17.2,25C,Economy,740,17.2,Cancelled,0,Website,Veg,4100
PAX0207,Rohit Menon,36,Male,IndiGo,6E788,National,CCU,BLR,Kolkata,Bangalore,05-05-2025,14.25,17.1,14D,Economy,125,12,On Time,0,Mobile App,Non-Veg,1800
PAX0208,Divya Krishnan,30,Female,Air India,AI662,National,DEL,MAA,Delhi,Chennai,05-05-2025,9.4,12.25,9B,Premium Economy,310,20.5,Delayed,35,Website,Veg,6200
PAX0209,Sanjay Patel,52,Male,Emirates,EK501,International,BOM,DXB,Mumbai,Dubai,05-06-2025,23.15,2.55,5F,Business,1200,28,On Time,0,Travel Agent,Jain,14000
PAX0210,Pooja Singh,24,Female,IndiGo,6E902,National,HYD,DEL,Hyderabad,Delhi,05-06-2025,6.1,8.4,28A,Economy,160,10.4,Cancelled,0,Mobile App,Vegan,900
PAX0211,Amit Joshi,40,Male,Singapore Airlines,SQ422,International,BLR,SIN,Bangalore,Singapore,05-07-2025,20.2,2.1,6C,Business,1340,22.6,On Time,0,Website,Non-Veg,8700
PAX0212,Neha Bhatia,33,Female,Lufthansa,LH880,International,DEL,JFK,Delhi,New York,05-07-2025,2.5,15.3,1F,First,2600,31.4,Delayed,90,Travel Agent,Veg,15000
PAX0213,Ramesh Kumar,47,Male,Air India,AI309,International,MAA,DXB,Chennai,Dubai,05-08-2025,13.05,17.15,16C,Economy,390,16.1,On Time,0,Website,Non-Veg,3000
PAX0214,Kavya Reddy,28,Female,Delta,DL890,International,BLR,LHR,Bangalore,London,05-08-2025,7.45,18.1,11D,Premium Economy,980,21,Cancelled,0,Mobile App,Veg,7200
PAX0215,Aditya Sen,39,Male,IndiGo,6E999,National,DEL,BOM,Delhi,Mumbai,05-09-2025,11.3,13.4,20E,Economy,110,8.6,On Time,0,Website,Non-Veg,1500
PAX0216,Shreya Pillai,26,Female,Air India,AI445,National,CCU,HYD,Kolkata,Hyderabad,05-09-2025,16,18.25,13A,Economy,140,11.2,Delayed,20,Website,Veg,2700
PAX0217,Nitin Arora,50,Male,Emirates,EK720,International,MAA,SIN,Chennai,Singapore,05-10-2025,21.1,4.5,2D,Business,1450,25.9,On Time,0,Travel Agent,Jain,11800
PAX0218,Ishita Mehra,31,Female,Qatar Airways,QR311,International,DEL,DXB,Delhi,Dubai,05-10-2025,4.25,8,24F,Economy,330,13.5,Cancelled,0,Mobile App,Vegan,2100
PAX0219,Manish Agarwal,44,Male,IndiGo,6E333,National,BOM,CCU,Mumbai,Kolkata,05-11-2025,9.1,11.4,15B,Economy,125,12,On Time,0,Website,Non-Veg,2100
PAX0220,Sneha Iyer,25,Female,Air India,AI512,International,DEL,LHR,Delhi,London,05-11-2025,1.15,9.5,2C,Business,860,24,Delayed,50,Mobile App,Veg,8400
PAX0221,Vikram Singh,38,Male,Singapore Airlines,SQ318,International,HYD,JFK,Hyderabad,New York,05-12-2025,22,13.45,4D,Business,1980,27.5,On Time,0,Mobile App,Non-Veg,9700
PAX0222,Meera Kapoor,31,Female,Lufthansa,LH760,International,DEL,FRA,Delhi,Frankfurt,05-12-2025,3.45,11.2,18F,Premium Economy,980,19.3,On Time,0,Website,Veg,5400
PAX0223,Kunal Verma,35,Male,Emirates,EK601,International,BOM,LHR,Mumbai,London,5/13/2025,2.1,8.5,3A,Business,1800,26.5,On Time,0,Travel Agent,Non-Veg,12000
PAX0224,Anjali Nair,28,Female,IndiGo,6E402,National,MAA,DEL,Chennai,Delhi,5/13/2025,6.45,9.2,14C,Economy,150,11.2,Delayed,30,Mobile App,Veg,3200
PAX0225,Arjun Mehta,41,Male,Emirates,EK220,International,DEL,LHR,Delhi,London,5/14/2025,1.2,9.55,1A,First,2450,30.2,On Time,0,Travel Agent,Non-Veg,13200
PAX0226,Sneha Iyer,25,Female,Qatar Airways,QR901,International,BLR,SIN,Bangalore,Singapore,5/14/2025,8.1,14,22B,Economy,420,15.6,Cancelled,0,Website,Vegan,3500
PAX0227,Vikram Rao,38,Male,Singapore Airlines,SQ318,International,HYD,JFK,Hyderabad,New York,5/15/2025,22,13.45,4D,Business,1980,27.5,On Time,0,Mobile App,Non-Veg,9700
PAX0228,Meera Kapoor,31,Female,Lufthansa,LH760,International,DEL,FRA,Delhi,Frankfurt,5/15/2025,3.45,11.2,18F,Premium Economy,980,19.3,Delayed,35,Website,Veg,5400
PAX0229,Karan Verma,45,Male,British Airways,BA256,International,MAA,LHR,Chennai,London,5/16/2025,10.15,18.3,3A,Business,1650,26.8,On Time,0,Travel Agent,Non-Veg,11000
PAX0230,Ananya Das,27,Female,Delta,DL404,International,BOM,JFK,Mumbai,New York,5/16/2025,5.5,17.2,25C,Economy,740,17.2,Cancelled,0,Website,Veg,4100
PAX0231,Rohit Menon,36,Male,IndiGo,6E788,National,CCU,BLR,Kolkata,Bangalore,5/17/2025,14.25,17.1,14D,Economy,125,12,On Time,0,Mobile App,Non-Veg,1800
PAX0232,Divya Krishnan,30,Female,Air India,AI662,National,DEL,MAA,Delhi,Chennai,5/17/2025,9.4,12.25,9B,Premium Economy,310,20.5,Delayed,35,Website,Veg,6200
PAX0233,Sanjay Patel,52,Male,Emirates,EK501,International,BOM,DXB,Mumbai,Dubai,5/18/2025,23.15,2.55,5F,Business,1200,28,On Time,0,Travel Agent,Jain,14000
PAX0234,Pooja Singh,24,Female,IndiGo,6E902,National,HYD,DEL,Hyderabad,Delhi,5/18/2025,6.1,8.4,28A,Economy,160,10.4,Cancelled,0,Mobile App,Vegan,900
PAX0235,Amit Joshi,40,Male,Singapore Airlines,SQ422,International,BLR,SIN,Bangalore,Singapore,5/19/2025,20.2,2.1,6C,Business,1340,22.6,On Time,0,Website,Non-Veg,8700
PAX0236,Neha Bhatia,33,Female,Lufthansa,LH880,International,DEL,JFK,Delhi,New York,5/19/2025,2.5,15.3,1F,First,2600,31.4,Delayed,90,Travel Agent,Veg,15000
PAX0237,Ramesh Kumar,47,Male,Air India,AI309,International,MAA,DXB,Chennai,Dubai,5/20/2025,13.05,17.15,16C,Economy,390,16.1,On Time,0,Website,Non-Veg,3000
PAX0238,Kavya Reddy,28,Female,Delta,DL890,International,BLR,LHR,Bangalore,London,5/20/2025,7.45,18.1,11D,Premium Economy,980,21,Cancelled,0,Mobile App,Veg,7200
PAX0239,Aditya Sen,39,Male,IndiGo,6E999,National,DEL,BOM,Delhi,Mumbai,5/21/2025,11.3,13.4,20E,Economy,110,8.6,On Time,0,Website,Non-Veg,1500
PAX0240,Shreya Pillai,26,Female,Air India,AI445,National,CCU,HYD,Kolkata,Hyderabad,5/21/2025,16,18.25,13A,Economy,140,11.2,Delayed,20,Website,Veg,2700
PAX0241,Nitin Arora,50,Male,Emirates,EK720,International,MAA,SIN,Chennai,Singapore,5/22/2025,21.1,4.5,2D,Business,1450,25.9,On Time,0,Travel Agent,Jain,11800
PAX0242,Ishita Mehra,31,Female,Qatar Airways,QR311,International,DEL,DXB,Delhi,Dubai,5/22/2025,4.25,8,24F,Economy,330,13.5,Cancelled,0,Mobile App,Vegan,2100
PAX0243,Manish Agarwal,44,Male,IndiGo,6E333,National,BOM,CCU,Mumbai,Kolkata,5/23/2025,9.1,11.4,15B,Economy,125,12,On Time,0,Website,Non-Veg,2100
PAX0244,Sneha Iyer,25,Female,Air India,AI512,International,DEL,LHR,Delhi,London,5/23/2025,1.15,9.5,2C,Business,860,24,Delayed,50,Mobile App,Veg,8400
PAX0245,Vikram Singh,38,Male,Singapore Airlines,SQ318,International,HYD,JFK,Hyderabad,New York,5/24/2025,22,13.45,4D,Business,1980,27.5,On Time,0,Mobile App,Non-Veg,9700
PAX0246,Meera Kapoor,31,Female,Lufthansa,LH760,International,DEL,FRA,Delhi,Frankfurt,5/24/2025,3.45,11.2,18F,Premium Economy,980,19.3,On Time,0,Website,Veg,5400
PAX0247,Kunal Verma,35,Male,Emirates,EK601,International,BOM,LHR,Mumbai,London,5/25/2025,2.1,8.5,3A,Business,1800,26.5,On Time,0,Travel Agent,Non-Veg,12000
PAX0248,Anjali Nair,28,Female,IndiGo,6E402,National,MAA,DEL,Chennai,Delhi,5/25/2025,6.45,9.2,14C,Economy,150,11.2,Delayed,30,Mobile App,Veg,3200
PAX0249,Arjun Mehta,41,Male,Emirates,EK220,International,DEL,LHR,Delhi,London,5/26/2025,1.2,9.55,1A,First,2450,30.2,On Time,0,Travel Agent,Non-Veg,13200
PAX0250,Sneha Iyer,25,Female,Qatar Airways,QR901,International,BLR,SIN,Bangalore,Singapore,5/26/2025,8.1,14,22B,Economy,420,15.6,Cancelled,0,Website,Vegan,3500
PAX0251,Vikram Rao,38,Male,Singapore Airlines,SQ318,International,HYD,JFK,Hyderabad,New York,5/27/2025,22,13.45,4D,Business,1980,27.5,On Time,0,Mobile App,Non-Veg,9700
PAX0252,Meera Kapoor,31,Female,Lufthansa,LH760,International,DEL,FRA,Delhi,Frankfurt,5/27/2025,3.45,11.2,18F,Premium Economy,980,19.3,Delayed,35,Website,Veg,5400
PAX0253,Karan Verma,45,Male,British Airways,BA256,International,MAA,LHR,Chennai,London,5/28/2025,10.15,18.3,3A,Business,1650,26.8,On Time,0,Travel Agent,Non-Veg,11000
PAX0254,Ananya Das,27,Female,Delta,DL404,International,BOM,JFK,Mumbai,New York,5/28/2025,5.5,17.2,25C,Economy,740,17.2,Cancelled,0,Website,Veg,4100
PAX0255,Rohit Menon,36,Male,IndiGo,6E788,National,CCU,BLR,Kolkata,Bangalore,5/29/2025,14.25,17.1,14D,Economy,125,12,On Time,0,Mobile App,Non-Veg,1800
PAX0256,Divya Krishnan,30,Female,Air India,AI662,National,DEL,MAA,Delhi,Chennai,5/29/2025,9.4,12.25,9B,Premium Economy,310,20.5,Delayed,35,Website,Veg,6200
PAX0257,Sanjay Patel,52,Male,Emirates,EK501,International,BOM,DXB,Mumbai,Dubai,5/30/2025,23.15,2.55,5F,Business,1200,28,On Time,0,Travel Agent,Jain,14000
PAX0258,Pooja Singh,24,Female,IndiGo,6E902,National,HYD,DEL,Hyderabad,Delhi,5/30/2025,6.1,8.4,28A,Economy,160,10.4,Cancelled,0,Mobile App,Vegan,900
PAX0259,Amit Joshi,40,Male,Singapore Airlines,SQ422,International,BLR,SIN,Bangalore,Singapore,5/31/2025,20.2,2.1,6C,Business,1340,22.6,On Time,0,Website,Non-Veg,8700
PAX0260,Neha Bhatia,33,Female,Lufthansa,LH880,International,DEL,JFK,Delhi,New York,5/31/2025,2.5,15.3,1F,First,2600,31.4,Delayed,90,Travel Agent,Veg,15000
PAX0261,Ramesh Kumar,47,Male,Air India,AI309,International,MAA,DXB,Chennai,Dubai,06-01-2025,13.05,17.15,16C,Economy,390,16.1,On Time,0,Website,Non-Veg,3000
PAX0262,Kavya Reddy,28,Female,Delta,DL890,International,BLR,LHR,Bangalore,London,06-01-2025,7.45,18.1,11D,Premium Economy,980,21,Cancelled,0,Mobile App,Veg,7200
PAX0263,Aditya Sen,39,Male,IndiGo,6E999,National,DEL,BOM,Delhi,Mumbai,06-02-2025,11.3,13.4,20E,Economy,110,8.6,On Time,0,Website,Non-Veg,1500
PAX0264,Shreya Pillai,26,Female,Air India,AI445,National,CCU,HYD,Kolkata,Hyderabad,06-02-2025,16,18.25,13A,Economy,140,11.2,Delayed,20,Website,Veg,2700
PAX0265,Nitin Arora,50,Male,Emirates,EK720,International,MAA,SIN,Chennai,Singapore,06-03-2025,21.1,4.5,2D,Business,1450,25.9,On Time,0,Travel Agent,Jain,11800
PAX0266,Ishita Mehra,31,Female,Qatar Airways,QR311,International,DEL,DXB,Delhi,Dubai,06-03-2025,4.25,8,24F,Economy,330,13.5,Cancelled,0,Mobile App,Vegan,2100
PAX0267,Manish Agarwal,44,Male,IndiGo,6E333,National,BOM,CCU,Mumbai,Kolkata,06-04-2025,9.1,11.4,15B,Economy,125,12,On Time,0,Website,Non-Veg,2100
PAX0268,Sneha Iyer,25,Female,Air India,AI512,International,DEL,LHR,Delhi,London,06-04-2025,1.15,9.5,2C,Business,860,24,Delayed,50,Mobile App,Veg,8400
PAX0269,Vikram Singh,38,Male,Singapore Airlines,SQ318,International,HYD,JFK,Hyderabad,New York,06-05-2025,22,13.45,4D,Business,1980,27.5,On Time,0,Mobile App,Non-Veg,9700
PAX0270,Meera Kapoor,31,Female,Lufthansa,LH760,International,DEL,FRA,Delhi,Frankfurt,06-05-2025,3.45,11.2,18F,Premium Economy,980,19.3,On Time,0,Website,Veg,5400
PAX0271,Kunal Verma,35,Male,Emirates,EK601,International,BOM,LHR,Mumbai,London,06-06-2025,2.1,8.5,3A,Business,1800,26.5,On Time,0,Travel Agent,Non-Veg,12000
PAX0272,Anjali Nair,28,Female,IndiGo,6E402,National,MAA,DEL,Chennai,Delhi,06-06-2025,6.45,9.2,14C,Economy,150,11.2,Delayed,30,Mobile App,Veg,3200
PAX0273,Arjun Mehta,41,Male,Emirates,EK220,International,DEL,LHR,Delhi,London,06-07-2025,1.2,9.55,1A,First,2450,30.2,On Time,0,Travel Agent,Non-Veg,13200
PAX0274,Sneha Iyer,25,Female,Qatar Airways,QR901,International,BLR,SIN,Bangalore,Singapore,06-07-2025,8.1,14,22B,Economy,420,15.6,Cancelled,0,Website,Vegan,3500
PAX0275,Vikram Rao,38,Male,Singapore Airlines,SQ318,International,HYD,JFK,Hyderabad,New York,06-08-2025,22,13.45,4D,Business,1980,27.5,On Time,0,Mobile App,Non-Veg,9700
PAX0276,Meera Kapoor,31,Female,Lufthansa,LH760,International,DEL,FRA,Delhi,Frankfurt,06-08-2025,3.45,11.2,18F,Premium Economy,980,19.3,Delayed,35,Website,Veg,5400
PAX0277,Karan Verma,45,Male,British Airways,BA256,International,MAA,LHR,Chennai,London,06-09-2025,10.15,18.3,3A,Business,1650,26.8,On Time,0,Travel Agent,Non-Veg,11000
PAX0278,Ananya Das,27,Female,Delta,DL404,International,BOM,JFK,Mumbai,New York,06-09-2025,5.5,17.2,25C,Economy,740,17.2,Cancelled,0,Website,Veg,4100
PAX0279,Rohit Menon,36,Male,IndiGo,6E788,National,CCU,BLR,Kolkata,Bangalore,06-10-2025,14.25,17.1,14D,Economy,125,12,On Time,0,Mobile App,Non-Veg,1800
PAX0280,Divya Krishnan,30,Female,Air India,AI662,National,DEL,MAA,Delhi,Chennai,06-10-2025,9.4,12.25,9B,Premium Economy,310,20.5,Delayed,35,Website,Veg,6200
PAX0281,Sanjay Patel,52,Male,Emirates,EK501,International,BOM,DXB,Mumbai,Dubai,06-11-2025,23.15,2.55,5F,Business,1200,28,On Time,0,Travel Agent,Jain,14000
PAX0282,Pooja Singh,24,Female,IndiGo,6E902,National,HYD,DEL,Hyderabad,Delhi,06-11-2025,6.1,8.4,28A,Economy,160,10.4,Cancelled,0,Mobile App,Vegan,900
PAX0283,Amit Joshi,40,Male,Singapore Airlines,SQ422,International,BLR,SIN,Bangalore,Singapore,06-12-2025,20.2,2.1,6C,Business,1340,22.6,On Time,0,Website,Non-Veg,8700
PAX0284,Neha Bhatia,33,Female,Lufthansa,LH880,International,DEL,JFK,Delhi,New York,06-12-2025,2.5,15.3,1F,First,2600,31.4,Delayed,90,Travel Agent,Veg,15000
PAX0285,Ramesh Kumar,47,Male,Air India,AI309,International,MAA,DXB,Chennai,Dubai,6/13/2025,13.05,17.15,16C,Economy,390,16.1,On Time,0,Website,Non-Veg,3000
PAX0286,Kavya Reddy,28,Female,Delta,DL890,International,BLR,LHR,Bangalore,London,6/13/2025,7.45,18.1,11D,Premium Economy,980,21,Cancelled,0,Mobile App,Veg,7200
PAX0287,Aditya Sen,39,Male,IndiGo,6E999,National,DEL,BOM,Delhi,Mumbai,6/14/2025,11.3,13.4,20E,Economy,110,8.6,On Time,0,Website,Non-Veg,1500
PAX0288,Shreya Pillai,26,Female,Air India,AI445,National,CCU,HYD,Kolkata,Hyderabad,6/14/2025,16,18.25,13A,Economy,140,11.2,Delayed,20,Website,Veg,2700
PAX0289,Nitin Arora,50,Male,Emirates,EK720,International,MAA,SIN,Chennai,Singapore,6/15/2025,21.1,4.5,2D,Business,1450,25.9,On Time,0,Travel Agent,Jain,11800
PAX0290,Ishita Mehra,31,Female,Qatar Airways,QR311,International,DEL,DXB,Delhi,Dubai,6/15/2025,4.25,8,24F,Economy,330,13.5,Cancelled,0,Mobile App,Vegan,2100
PAX0291,Manish Agarwal,44,Male,IndiGo,6E333,National,BOM,CCU,Mumbai,Kolkata,6/16/2025,9.1,11.4,15B,Economy,125,12,On Time,0,Website,Non-Veg,2100
PAX0292,Sneha Iyer,25,Female,Air India,AI512,International,DEL,LHR,Delhi,London,6/16/2025,1.15,9.5,2C,Business,860,24,Delayed,50,Mobile App,Veg,8400
PAX0293,Vikram Singh,38,Male,Singapore Airlines,SQ318,International,HYD,JFK,Hyderabad,New York,6/17/2025,22,13.45,4D,Business,1980,27.5,On Time,0,Mobile App,Non-Veg,9700
PAX0294,Meera Kapoor,31,Female,Lufthansa,LH760,International,DEL,FRA,Delhi,Frankfurt,6/17/2025,3.45,11.2,18F,Premium Economy,980,19.3,On Time,0,Website,Veg,5400
PAX0295,Kunal Verma,35,Male,Emirates,EK601,International,BOM,LHR,Mumbai,London,6/18/2025,2.1,8.5,3A,Business,1800,26.5,On Time,0,Travel Agent,Non-Veg,12000
PAX0296,Anjali Nair,28,Female,IndiGo,6E402,National,MAA,DEL,Chennai,Delhi,6/18/2025,6.45,9.2,14C,Economy,150,11.2,Delayed,30,Mobile App,Veg,3200
PAX0297,Arjun Mehta,41,Male,Emirates,EK220,International,DEL,LHR,Delhi,London,6/19/2025,1.2,9.55,1A,First,2450,30.2,On Time,0,Travel Agent,Non-Veg,13200
PAX0298,Sneha Iyer,25,Female,Qatar Airways,QR901,International,BLR,SIN,Bangalore,Singapore,6/19/2025,8.1,14,22B,Economy,420,15.6,Cancelled,0,Website,Vegan,3500
PAX0299,Vikram Rao,38,Male,Singapore Airlines,SQ318,International,HYD,JFK,Hyderabad,New York,6/20/2025,22,13.45,4D,Business,1980,27.5,On Time,0,Mobile App,Non-Veg,9700
PAX0300,Meera Kapoor,31,Female,Lufthansa,LH760,International,DEL,FRA,Delhi,Frankfurt,6/20/2025,3.45,11.2,18F,Premium Economy,980,19.3,Delayed,35,Website,Veg,5400
PAX0301,Arjun Mehta,41,Male,Emirates,EK220,International,DEL,LHR,Delhi,London,6/21/2025,1.2,9.55,1A,First,2450,30.2,On Time,0,Travel Agent,Non-Veg,13200
PAX0302,Sneha Iyer,25,Female,Qatar Airways,QR901,International,BLR,SIN,Bangalore,Singapore,6/21/2025,8.1,14,22B,Economy,420,15.6,Cancelled,0,Website,Vegan,3500
PAX0303,Vikram Rao,38,Male,Singapore Airlines,SQ318,International,HYD,JFK,Hyderabad,New York,6/22/2025,22,13.45,4D,Business,1980,27.5,On Time,0,Mobile App,Non-Veg,9700
PAX0304,Meera Kapoor,31,Female,Lufthansa,LH760,International,DEL,FRA,Delhi,Frankfurt,6/22/2025,3.45,11.2,18F,Premium Economy,980,19.3,Delayed,35,Website,Veg,5400
PAX0305,Karan Verma,45,Male,British Airways,BA256,International,MAA,LHR,Chennai,London,6/23/2025,10.15,18.3,3A,Business,1650,26.8,On Time,0,Travel Agent,Non-Veg,11000
PAX0306,Ananya Das,27,Female,Delta,DL404,International,BOM,JFK,Mumbai,New York,6/23/2025,5.5,17.2,25C,Economy,740,17.2,Cancelled,0,Website,Veg,4100
PAX0307,Rohit Menon,36,Male,IndiGo,6E788,National,CCU,BLR,Kolkata,Bangalore,6/24/2025,14.25,17.1,14D,Economy,125,12,On Time,0,Mobile App,Non-Veg,1800
PAX0308,Divya Krishnan,30,Female,Air India,AI662,National,DEL,MAA,Delhi,Chennai,6/24/2025,9.4,12.25,9B,Premium Economy,310,20.5,Delayed,35,Website,Veg,6200
PAX0309,Sanjay Patel,52,Male,Emirates,EK501,International,BOM,DXB,Mumbai,Dubai,6/25/2025,23.15,2.55,5F,Business,1200,28,On Time,0,Travel Agent,Jain,14000
PAX0310,Pooja Singh,24,Female,IndiGo,6E902,National,HYD,DEL,Hyderabad,Delhi,6/25/2025,6.1,8.4,28A,Economy,160,10.4,Cancelled,0,Mobile App,Vegan,900
PAX0311,Amit Joshi,40,Male,Singapore Airlines,SQ422,International,BLR,SIN,Bangalore,Singapore,6/26/2025,20.2,2.1,6C,Business,1340,22.6,On Time,0,Website,Non-Veg,8700
PAX0312,Neha Bhatia,33,Female,Lufthansa,LH880,International,DEL,JFK,Delhi,New York,6/26/2025,2.5,15.3,1F,First,2600,31.4,Delayed,90,Travel Agent,Veg,15000
PAX0313,Ramesh Kumar,47,Male,Air India,AI309,International,MAA,DXB,Chennai,Dubai,6/27/2025,13.05,17.15,16C,Economy,390,16.1,On Time,0,Website,Non-Veg,3000
PAX0314,Kavya Reddy,28,Female,Delta,DL890,International,BLR,LHR,Bangalore,London,6/27/2025,7.45,18.1,11D,Premium Economy,980,21,Cancelled,0,Mobile App,Veg,7200
PAX0315,Aditya Sen,39,Male,IndiGo,6E999,National,DEL,BOM,Delhi,Mumbai,6/28/2025,11.3,13.4,20E,Economy,110,8.6,On Time,0,Website,Non-Veg,1500
PAX0316,Shreya Pillai,26,Female,Air India,AI445,National,CCU,HYD,Kolkata,Hyderabad,6/28/2025,16,18.25,13A,Economy,140,11.2,Delayed,20,Website,Veg,2700
PAX0317,Nitin Arora,50,Male,Emirates,EK720,International,MAA,SIN,Chennai,Singapore,6/29/2025,21.1,4.5,2D,Business,1450,25.9,On Time,0,Travel Agent,Jain,11800
PAX0318,Ishita Mehra,31,Female,Qatar Airways,QR311,International,DEL,DXB,Delhi,Dubai,6/29/2025,4.25,8,24F,Economy,330,13.5,Cancelled,0,Mobile App,Vegan,2100
PAX0319,Manish Agarwal,44,Male,IndiGo,6E333,National,BOM,CCU,Mumbai,Kolkata,6/30/2025,9.1,11.4,15B,Economy,125,12,On Time,0,Website,Non-Veg,2100
PAX0320,Sneha Iyer,25,Female,Air India,AI512,International,DEL,LHR,Delhi,London,6/30/2025,1.15,9.5,2C,Business,860,24,Delayed,50,Mobile App,Veg,8400
PAX0321,Vikram Singh,38,Male,Singapore Airlines,SQ318,International,HYD,JFK,Hyderabad,New York,07-01-2025,22,13.45,4D,Business,1980,27.5,On Time,0,Mobile App,Non-Veg,9700
PAX0322,Meera Kapoor,31,Female,Lufthansa,LH760,International,DEL,FRA,Delhi,Frankfurt,07-01-2025,3.45,11.2,18F,Premium Economy,980,19.3,On Time,0,Website,Veg,5400
PAX0323,Kunal Verma,35,Male,Emirates,EK601,International,BOM,LHR,Mumbai,London,07-02-2025,2.1,8.5,3A,Business,1800,26.5,On Time,0,Travel Agent,Non-Veg,12000
PAX0324,Anjali Nair,28,Female,IndiGo,6E402,National,MAA,DEL,Chennai,Delhi,07-02-2025,6.45,9.2,14C,Economy,150,11.2,Delayed,30,Mobile App,Veg,3200
PAX0325,Arjun Mehta,41,Male,Emirates,EK220,International,DEL,LHR,Delhi,London,07-03-2025,1.2,9.55,1A,First,2450,30.2,On Time,0,Travel Agent,Non-Veg,13200
PAX0326,Sneha Iyer,25,Female,Qatar Airways,QR901,International,BLR,SIN,Bangalore,Singapore,07-03-2025,8.1,14,22B,Economy,420,15.6,Cancelled,0,Website,Vegan,3500
PAX0327,Vikram Rao,38,Male,Singapore Airlines,SQ318,International,HYD,JFK,Hyderabad,New York,07-04-2025,22,13.45,4D,Business,1980,27.5,On Time,0,Mobile App,Non-Veg,9700
PAX0328,Meera Kapoor,31,Female,Lufthansa,LH760,International,DEL,FRA,Delhi,Frankfurt,07-04-2025,3.45,11.2,18F,Premium Economy,980,19.3,Delayed,35,Website,Veg,5400
PAX0329,Karan Verma,45,Male,British Airways,BA256,International,MAA,LHR,Chennai,London,07-05-2025,10.15,18.3,3A,Business,1650,26.8,On Time,0,Travel Agent,Non-Veg,11000
PAX0330,Ananya Das,27,Female,Delta,DL404,International,BOM,JFK,Mumbai,New York,07-05-2025,5.5,17.2,25C,Economy,740,17.2,Cancelled,0,Website,Veg,4100
PAX0331,Rohit Menon,36,Male,IndiGo,6E788,National,CCU,BLR,Kolkata,Bangalore,07-06-2025,14.25,17.1,14D,Economy,125,12,On Time,0,Mobile App,Non-Veg,1800
PAX0332,Divya Krishnan,30,Female,Air India,AI662,National,DEL,MAA,Delhi,Chennai,07-06-2025,9.4,12.25,9B,Premium Economy,310,20.5,Delayed,35,Website,Veg,6200
PAX0333,Sanjay Patel,52,Male,Emirates,EK501,International,BOM,DXB,Mumbai,Dubai,07-07-2025,23.15,2.55,5F,Business,1200,28,On Time,0,Travel Agent,Jain,14000
PAX0334,Pooja Singh,24,Female,IndiGo,6E902,National,HYD,DEL,Hyderabad,Delhi,07-07-2025,6.1,8.4,28A,Economy,160,10.4,Cancelled,0,Mobile App,Vegan,900
PAX0335,Amit Joshi,40,Male,Singapore Airlines,SQ422,International,BLR,SIN,Bangalore,Singapore,07-08-2025,20.2,2.1,6C,Business,1340,22.6,On Time,0,Website,Non-Veg,8700
PAX0336,Neha Bhatia,33,Female,Lufthansa,LH880,International,DEL,JFK,Delhi,New York,07-08-2025,2.5,15.3,1F,First,2600,31.4,Delayed,90,Travel Agent,Veg,15000
PAX0337,Ramesh Kumar,47,Male,Air India,AI309,International,MAA,DXB,Chennai,Dubai,07-09-2025,13.05,17.15,16C,Economy,390,16.1,On Time,0,Website,Non-Veg,3000
PAX0338,Kavya Reddy,28,Female,Delta,DL890,International,BLR,LHR,Bangalore,London,07-09-2025,7.45,18.1,11D,Premium Economy,980,21,Cancelled,0,Mobile App,Veg,7200
PAX0339,Aditya Sen,39,Male,IndiGo,6E999,National,DEL,BOM,Delhi,Mumbai,07-10-2025,11.3,13.4,20E,Economy,110,8.6,On Time,0,Website,Non-Veg,1500
PAX0340,Shreya Pillai,26,Female,Air India,AI445,National,CCU,HYD,Kolkata,Hyderabad,07-10-2025,16,18.25,13A,Economy,140,11.2,Delayed,20,Website,Veg,2700
PAX0341,Nitin Arora,50,Male,Emirates,EK720,International,MAA,SIN,Chennai,Singapore,07-11-2025,21.1,4.5,2D,Business,1450,25.9,On Time,0,Travel Agent,Jain,11800
PAX0342,Ishita Mehra,31,Female,Qatar Airways,QR311,International,DEL,DXB,Delhi,Dubai,07-11-2025,4.25,8,24F,Economy,330,13.5,Cancelled,0,Mobile App,Vegan,2100
PAX0343,Manish Agarwal,44,Male,IndiGo,6E333,National,BOM,CCU,Mumbai,Kolkata,07-12-2025,9.1,11.4,15B,Economy,125,12,On Time,0,Website,Non-Veg,2100
PAX0344,Sneha Iyer,25,Female,Air India,AI512,International,DEL,LHR,Delhi,London,07-12-2025,1.15,9.5,2C,Business,860,24,Delayed,50,Mobile App,Veg,8400
PAX0345,Vikram Singh,38,Male,Singapore Airlines,SQ318,International,HYD,JFK,Hyderabad,New York,7/13/2025,22,13.45,4D,Business,1980,27.5,On Time,0,Mobile App,Non-Veg,9700
PAX0346,Meera Kapoor,31,Female,Lufthansa,LH760,International,DEL,FRA,Delhi,Frankfurt,7/13/2025,3.45,11.2,18F,Premium Economy,980,19.3,On Time,0,Website,Veg,5400
PAX0347,Kunal Verma,35,Male,Emirates,EK601,International,BOM,LHR,Mumbai,London,7/14/2025,2.1,8.5,3A,Business,1800,26.5,On Time,0,Travel Agent,Non-Veg,12000
PAX0348,Anjali Nair,28,Female,IndiGo,6E402,National,MAA,DEL,Chennai,Delhi,7/14/2025,6.45,9.2,14C,Economy,150,11.2,Delayed,30,Mobile App,Veg,3200
PAX0349,Arjun Mehta,41,Male,Emirates,EK220,International,DEL,LHR,Delhi,London,7/15/2025,1.2,9.55,1A,First,2450,30.2,On Time,0,Travel Agent,Non-Veg,13200
PAX0350,Sneha Iyer,25,Female,Qatar Airways,QR901,International,BLR,SIN,Bangalore,Singapore,7/15/2025,8.1,14,22B,Economy,420,15.6,Cancelled,0,Website,Vegan,3500
PAX0301,Arjun Mehta,41,Male,Emirates,EK220,International,DEL,LHR,Delhi,London,6/21/2025,1.2,9.55,1A,First,2450,30.2,On Time,0,Travel Agent,Non-Veg,13200
PAX0302,Sneha Iyer,25,Female,Qatar Airways,QR901,International,BLR,SIN,Bangalore,Singapore,6/21/2025,8.1,14,22B,Economy,420,15.6,Cancelled,0,Website,Vegan,3500
PAX0303,Vikram Rao,38,Male,Singapore Airlines,SQ318,International,HYD,JFK,Hyderabad,New York,6/22/2025,22,13.45,4D,Business,1980,27.5,On Time,0,Mobile App,Non-Veg,9700
PAX0304,Meera Kapoor,31,Female,Lufthansa,LH760,International,DEL,FRA,Delhi,Frankfurt,6/22/2025,3.45,11.2,18F,Premium Economy,980,19.3,Delayed,35,Website,Veg,5400
PAX0305,Karan Verma,45,Male,British Airways,BA256,International,MAA,LHR,Chennai,London,6/23/2025,10.15,18.3,3A,Business,1650,26.8,On Time,0,Travel Agent,Non-Veg,11000
PAX0306,Ananya Das,27,Female,Delta,DL404,International,BOM,JFK,Mumbai,New York,6/23/2025,5.5,17.2,25C,Economy,740,17.2,Cancelled,0,Website,Veg,4100
PAX0307,Rohit Menon,36,Male,IndiGo,6E788,National,CCU,BLR,Kolkata,Bangalore,6/24/2025,14.25,17.1,14D,Economy,125,12,On Time,0,Mobile App,Non-Veg,1800
PAX0308,Divya Krishnan,30,Female,Air India,AI662,National,DEL,MAA,Delhi,Chennai,6/24/2025,9.4,12.25,9B,Premium Economy,310,20.5,Delayed,35,Website,Veg,6200
PAX0309,Sanjay Patel,52,Male,Emirates,EK501,International,BOM,DXB,Mumbai,Dubai,6/25/2025,23.15,2.55,5F,Business,1200,28,On Time,0,Travel Agent,Jain,14000
PAX0310,Pooja Singh,24,Female,IndiGo,6E902,National,HYD,DEL,Hyderabad,Delhi,6/25/2025,6.1,8.4,28A,Economy,160,10.4,Cancelled,0,Mobile App,Vegan,900
PAX0311,Amit Joshi,40,Male,Singapore Airlines,SQ422,International,BLR,SIN,Bangalore,Singapore,6/26/2025,20.2,2.1,6C,Business,1340,22.6,On Time,0,Website,Non-Veg,8700
PAX0312,Neha Bhatia,33,Female,Lufthansa,LH880,International,DEL,JFK,Delhi,New York,6/26/2025,2.5,15.3,1F,First,2600,31.4,Delayed,90,Travel Agent,Veg,15000
PAX0313,Ramesh Kumar,47,Male,Air India,AI309,International,MAA,DXB,Chennai,Dubai,6/27/2025,13.05,17.15,16C,Economy,390,16.1,On Time,0,Website,Non-Veg,3000
PAX0314,Kavya Reddy,28,Female,Delta,DL890,International,BLR,LHR,Bangalore,London,6/27/2025,7.45,18.1,11D,Premium Economy,980,21,Cancelled,0,Mobile App,Veg,7200
PAX0315,Aditya Sen,39,Male,IndiGo,6E999,National,DEL,BOM,Delhi,Mumbai,6/28/2025,11.3,13.4,20E,Economy,110,8.6,On Time,0,Website,Non-Veg,1500
PAX0316,Shreya Pillai,26,Female,Air India,AI445,National,CCU,HYD,Kolkata,Hyderabad,6/28/2025,16,18.25,13A,Economy,140,11.2,Delayed,20,Website,Veg,2700
PAX0317,Nitin Arora,50,Male,Emirates,EK720,International,MAA,SIN,Chennai,Singapore,6/29/2025,21.1,4.5,2D,Business,1450,25.9,On Time,0,Travel Agent,Jain,11800
PAX0318,Ishita Mehra,31,Female,Qatar Airways,QR311,International,DEL,DXB,Delhi,Dubai,6/29/2025,4.25,8,24F,Economy,330,13.5,Cancelled,0,Mobile App,Vegan,2100
PAX0319,Manish Agarwal,44,Male,IndiGo,6E333,National,BOM,CCU,Mumbai,Kolkata,6/30/2025,9.1,11.4,15B,Economy,125,12,On Time,0,Website,Non-Veg,2100
PAX0320,Sneha Iyer,25,Female,Air India,AI512,International,DEL,LHR,Delhi,London,6/30/2025,1.15,9.5,2C,Business,860,24,Delayed,50,Mobile App,Veg,8400
PAX0321,Vikram Singh,38,Male,Singapore Airlines,SQ318,International,HYD,JFK,Hyderabad,New York,07-01-2025,22,13.45,4D,Business,1980,27.5,On Time,0,Mobile App,Non-Veg,9700
PAX0322,Meera Kapoor,31,Female,Lufthansa,LH760,International,DEL,FRA,Delhi,Frankfurt,07-01-2025,3.45,11.2,18F,Premium Economy,980,19.3,On Time,0,Website,Veg,5400
PAX0323,Kunal Verma,35,Male,Emirates,EK601,International,BOM,LHR,Mumbai,London,07-02-2025,2.1,8.5,3A,Business,1800,26.5,On Time,0,Travel Agent,Non-Veg,12000
PAX0324,Anjali Nair,28,Female,IndiGo,6E402,National,MAA,DEL,Chennai,Delhi,07-02-2025,6.45,9.2,14C,Economy,150,11.2,Delayed,30,Mobile App,Veg,3200
PAX0325,Arjun Mehta,41,Male,Emirates,EK220,International,DEL,LHR,Delhi,London,07-03-2025,1.2,9.55,1A,First,2450,30.2,On Time,0,Travel Agent,Non-Veg,13200
PAX0326,Sneha Iyer,25,Female,Qatar Airways,QR901,International,BLR,SIN,Bangalore,Singapore,07-03-2025,8.1,14,22B,Economy,420,15.6,Cancelled,0,Website,Vegan,3500
PAX0327,Vikram Rao,38,Male,Singapore Airlines,SQ318,International,HYD,JFK,Hyderabad,New York,07-04-2025,22,13.45,4D,Business,1980,27.5,On Time,0,Mobile App,Non-Veg,9700
PAX0328,Meera Kapoor,31,Female,Lufthansa,LH760,International,DEL,FRA,Delhi,Frankfurt,07-04-2025,3.45,11.2,18F,Premium Economy,980,19.3,Delayed,35,Website,Veg,5400
PAX0329,Karan Verma,45,Male,British Airways,BA256,International,MAA,LHR,Chennai,London,07-05-2025,10.15,18.3,3A,Business,1650,26.8,On Time,0,Travel Agent,Non-Veg,11000
PAX0330,Ananya Das,27,Female,Delta,DL404,International,BOM,JFK,Mumbai,New York,07-05-2025,5.5,17.2,25C,Economy,740,17.2,Cancelled,0,Website,Veg,4100
PAX0331,Rohit Menon,36,Male,IndiGo,6E788,National,CCU,BLR,Kolkata,Bangalore,07-06-2025,14.25,17.1,14D,Economy,125,12,On Time,0,Mobile App,Non-Veg,1800
PAX0332,Divya Krishnan,30,Female,Air India,AI662,National,DEL,MAA,Delhi,Chennai,07-06-2025,9.4,12.25,9B,Premium Economy,310,20.5,Delayed,35,Website,Veg,6200
PAX0333,Sanjay Patel,52,Male,Emirates,EK501,International,BOM,DXB,Mumbai,Dubai,07-07-2025,23.15,2.55,5F,Business,1200,28,On Time,0,Travel Agent,Jain,14000
PAX0334,Pooja Singh,24,Female,IndiGo,6E902,National,HYD,DEL,Hyderabad,Delhi,07-07-2025,6.1,8.4,28A,Economy,160,10.4,Cancelled,0,Mobile App,Vegan,900
PAX0335,Amit Joshi,40,Male,Singapore Airlines,SQ422,International,BLR,SIN,Bangalore,Singapore,07-08-2025,20.2,2.1,6C,Business,1340,22.6,On Time,0,Website,Non-Veg,8700
PAX0336,Neha Bhatia,33,Female,Lufthansa,LH880,International,DEL,JFK,Delhi,New York,07-08-2025,2.5,15.3,1F,First,2600,31.4,Delayed,90,Travel Agent,Veg,15000
PAX0337,Ramesh Kumar,47,Male,Air India,AI309,International,MAA,DXB,Chennai,Dubai,07-09-2025,13.05,17.15,16C,Economy,390,16.1,On Time,0,Website,Non-Veg,3000
PAX0338,Kavya Reddy,28,Female,Delta,DL890,International,BLR,LHR,Bangalore,London,07-09-2025,7.45,18.1,11D,Premium Economy,980,21,Cancelled,0,Mobile App,Veg,7200
PAX0339,Aditya Sen,39,Male,IndiGo,6E999,National,DEL,BOM,Delhi,Mumbai,07-10-2025,11.3,13.4,20E,Economy,110,8.6,On Time,0,Website,Non-Veg,1500
PAX0340,Shreya Pillai,26,Female,Air India,AI445,National,CCU,HYD,Kolkata,Hyderabad,07-10-2025,16,18.25,13A,Economy,140,11.2,Delayed,20,Website,Veg,2700
PAX0341,Nitin Arora,50,Male,Emirates,EK720,International,MAA,SIN,Chennai,Singapore,07-11-2025,21.1,4.5,2D,Business,1450,25.9,On Time,0,Travel Agent,Jain,11800
PAX0342,Ishita Mehra,31,Female,Qatar Airways,QR311,International,DEL,DXB,Delhi,Dubai,07-11-2025,4.25,8,24F,Economy,330,13.5,Cancelled,0,Mobile App,Vegan,2100
PAX0343,Manish Agarwal,44,Male,IndiGo,6E333,National,BOM,CCU,Mumbai,Kolkata,07-12-2025,9.1,11.4,15B,Economy,125,12,On Time,0,Website,Non-Veg,2100
PAX0344,Sneha Iyer,25,Female,Air India,AI512,International,DEL,LHR,Delhi,London,07-12-2025,1.15,9.5,2C,Business,860,24,Delayed,50,Mobile App,Veg,8400
PAX0345,Vikram Singh,38,Male,Singapore Airlines,SQ318,International,HYD,JFK,Hyderabad,New York,7/13/2025,22,13.45,4D,Business,1980,27.5,On Time,0,Mobile App,Non-Veg,9700
PAX0346,Meera Kapoor,31,Female,Lufthansa,LH760,International,DEL,FRA,Delhi,Frankfurt,7/13/2025,3.45,11.2,18F,Premium Economy,980,19.3,On Time,0,Website,Veg,5400
PAX0347,Kunal Verma,35,Male,Emirates,EK601,International,BOM,LHR,Mumbai,London,7/14/2025,2.1,8.5,3A,Business,1800,26.5,On Time,0,Travel Agent,Non-Veg,12000
PAX0348,Anjali Nair,28,Female,IndiGo,6E402,National,MAA,DEL,Chennai,Delhi,7/14/2025,6.45,9.2,14C,Economy,150,11.2,Delayed,30,Mobile App,Veg,3200
PAX0349,Arjun Mehta,41,Male,Emirates,EK220,International,DEL,LHR,Delhi,London,7/15/2025,1.2,9.55,1A,First,2450,30.2,On Time,0,Travel Agent,Non-Veg,13200
PAX0350,Sneha Iyer,25,Female,Qatar Airways,QR901,International,BLR,SIN,Bangalore,Singapore,7/15/2025,8.1,14,22B,Economy,420,15.6,Cancelled,0,Website,Vegan,3500
PAX0351,Vikram Rao,38,Male,Singapore Airlines,SQ318,International,HYD,JFK,Hyderabad,New York,7/16/2025,22,13.45,4D,Business,1980,27.5,On Time,0,Mobile App,Non-Veg,9700
PAX0352,Meera Kapoor,31,Female,Lufthansa,LH760,International,DEL,FRA,Delhi,Frankfurt,7/16/2025,3.45,11.2,18F,Premium Economy,980,19.3,Delayed,35,Website,Veg,5400
PAX0353,Karan Verma,45,Male,British Airways,BA256,International,MAA,LHR,Chennai,London,7/17/2025,10.15,18.3,3A,Business,1650,26.8,On Time,0,Travel Agent,Non-Veg,11000
PAX0354,Ananya Das,27,Female,Delta,DL404,International,BOM,JFK,Mumbai,New York,7/17/2025,5.5,17.2,25C,Economy,740,17.2,Cancelled,0,Website,Veg,4100
PAX0355,Rohit Menon,36,Male,IndiGo,6E788,National,CCU,BLR,Kolkata,Bangalore,7/18/2025,14.25,17.1,14D,Economy,125,12,On Time,0,Mobile App,Non-Veg,1800
PAX0356,Divya Krishnan,30,Female,Air India,AI662,National,DEL,MAA,Delhi,Chennai,7/18/2025,9.4,12.25,9B,Premium Economy,310,20.5,Delayed,35,Website,Veg,6200
PAX0357,Sanjay Patel,52,Male,Emirates,EK501,International,BOM,DXB,Mumbai,Dubai,7/19/2025,23.15,2.55,5F,Business,1200,28,On Time,0,Travel Agent,Jain,14000
PAX0358,Pooja Singh,24,Female,IndiGo,6E902,National,HYD,DEL,Hyderabad,Delhi,7/19/2025,6.1,8.4,28A,Economy,160,10.4,Cancelled,0,Mobile App,Vegan,900
PAX0359,Amit Joshi,40,Male,Singapore Airlines,SQ422,International,BLR,SIN,Bangalore,Singapore,7/20/2025,20.2,2.1,6C,Business,1340,22.6,On Time,0,Website,Non-Veg,8700
PAX0360,Neha Bhatia,33,Female,Lufthansa,LH880,International,DEL,JFK,Delhi,New York,7/20/2025,2.5,15.3,1F,First,2600,31.4,Delayed,90,Travel Agent,Veg,15000
PAX0361,Ramesh Kumar,47,Male,Air India,AI309,International,MAA,DXB,Chennai,Dubai,7/21/2025,13.05,17.15,16C,Economy,390,16.1,On Time,0,Website,Non-Veg,3000
PAX0362,Kavya Reddy,28,Female,Delta,DL890,International,BLR,LHR,Bangalore,London,7/21/2025,7.45,18.1,11D,Premium Economy,980,21,Cancelled,0,Mobile App,Veg,7200
PAX0363,Aditya Sen,39,Male,IndiGo,6E999,National,DEL,BOM,Delhi,Mumbai,7/22/2025,11.3,13.4,20E,Economy,110,8.6,On Time,0,Website,Non-Veg,1500
PAX0364,Shreya Pillai,26,Female,Air India,AI445,National,CCU,HYD,Kolkata,Hyderabad,7/22/2025,16,18.25,13A,Economy,140,11.2,Delayed,20,Website,Veg,2700
PAX0365,Nitin Arora,50,Male,Emirates,EK720,International,MAA,SIN,Chennai,Singapore,7/23/2025,21.1,4.5,2D,Business,1450,25.9,On Time,0,Travel Agent,Jain,11800
PAX0366,Ishita Mehra,31,Female,Qatar Airways,QR311,International,DEL,DXB,Delhi,Dubai,7/23/2025,4.25,8,24F,Economy,330,13.5,Cancelled,0,Mobile App,Vegan,2100
PAX0367,Manish Agarwal,44,Male,IndiGo,6E333,National,BOM,CCU,Mumbai,Kolkata,7/24/2025,9.1,11.4,15B,Economy,125,12,On Time,0,Website,Non-Veg,2100
PAX0368,Sneha Iyer,25,Female,Air India,AI512,International,DEL,LHR,Delhi,London,7/24/2025,1.15,9.5,2C,Business,860,24,Delayed,50,Mobile App,Veg,8400
PAX0369,Vikram Singh,38,Male,Singapore Airlines,SQ318,International,HYD,JFK,Hyderabad,New York,7/25/2025,22,13.45,4D,Business,1980,27.5,On Time,0,Mobile App,Non-Veg,9700
PAX0370,Meera Kapoor,31,Female,Lufthansa,LH760,International,DEL,FRA,Delhi,Frankfurt,7/25/2025,3.45,11.2,18F,Premium Economy,980,19.3,On Time,0,Website,Veg,5400
PAX0371,Kunal Verma,35,Male,Emirates,EK601,International,BOM,LHR,Mumbai,London,7/26/2025,2.1,8.5,3A,Business,1800,26.5,On Time,0,Travel Agent,Non-Veg,12000
PAX0372,Anjali Nair,28,Female,IndiGo,6E402,National,MAA,DEL,Chennai,Delhi,7/26/2025,6.45,9.2,14C,Economy,150,11.2,Delayed,30,Mobile App,Veg,3200
PAX0373,Arjun Mehta,41,Male,Emirates,EK220,International,DEL,LHR,Delhi,London,7/27/2025,1.2,9.55,1A,First,2450,30.2,On Time,0,Travel Agent,Non-Veg,13200
PAX0374,Sneha Iyer,25,Female,Qatar Airways,QR901,International,BLR,SIN,Bangalore,Singapore,7/27/2025,8.1,14,22B,Economy,420,15.6,Cancelled,0,Website,Vegan,3500
PAX0375,Vikram Rao,38,Male,Singapore Airlines,SQ318,International,HYD,JFK,Hyderabad,New York,7/28/2025,22,13.45,4D,Business,1980,27.5,On Time,0,Mobile App,Non-Veg,9700
PAX0376,Meera Kapoor,31,Female,Lufthansa,LH760,International,DEL,FRA,Delhi,Frankfurt,7/28/2025,3.45,11.2,18F,Premium Economy,980,19.3,Delayed,35,Website,Veg,5400
PAX0377,Karan Verma,45,Male,British Airways,BA256,International,MAA,LHR,Chennai,London,7/29/2025,10.15,18.3,3A,Business,1650,26.8,On Time,0,Travel Agent,Non-Veg,11000
PAX0378,Ananya Das,27,Female,Delta,DL404,International,BOM,JFK,Mumbai,New York,7/29/2025,5.5,17.2,25C,Economy,740,17.2,Cancelled,0,Website,Veg,4100
PAX0379,Rohit Menon,36,Male,IndiGo,6E788,National,CCU,BLR,Kolkata,Bangalore,7/30/2025,14.25,17.1,14D,Economy,125,12,On Time,0,Mobile App,Non-Veg,1800
PAX0380,Divya Krishnan,30,Female,Air India,AI662,National,DEL,MAA,Delhi,Chennai,7/30/2025,9.4,12.25,9B,Premium Economy,310,20.5,Delayed,35,Website,Veg,6200
PAX0381,Sanjay Patel,52,Male,Emirates,EK501,International,BOM,DXB,Mumbai,Dubai,7/31/2025,23.15,2.55,5F,Business,1200,28,On Time,0,Travel Agent,Jain,14000
PAX0382,Pooja Singh,24,Female,IndiGo,6E902,National,HYD,DEL,Hyderabad,Delhi,7/31/2025,6.1,8.4,28A,Economy,160,10.4,Cancelled,0,Mobile App,Vegan,900
PAX0383,Amit Joshi,40,Male,Singapore Airlines,SQ422,International,BLR,SIN,Bangalore,Singapore,08-01-2025,20.2,2.1,6C,Business,1340,22.6,On Time,0,Website,Non-Veg,8700
PAX0384,Neha Bhatia,33,Female,Lufthansa,LH880,International,DEL,JFK,Delhi,New York,08-01-2025,2.5,15.3,1F,First,2600,31.4,Delayed,90,Travel Agent,Veg,15000
PAX0385,Ramesh Kumar,47,Male,Air India,AI309,International,MAA,DXB,Chennai,Dubai,08-02-2025,13.05,17.15,16C,Economy,390,16.1,On Time,0,Website,Non-Veg,3000
PAX0386,Kavya Reddy,28,Female,Delta,DL890,International,BLR,LHR,Bangalore,London,08-02-2025,7.45,18.1,11D,Premium Economy,980,21,Cancelled,0,Mobile App,Veg,7200
PAX0387,Aditya Sen,39,Male,IndiGo,6E999,National,DEL,BOM,Delhi,Mumbai,08-03-2025,11.3,13.4,20E,Economy,110,8.6,On Time,0,Website,Non-Veg,1500
PAX0388,Shreya Pillai,26,Female,Air India,AI445,National,CCU,HYD,Kolkata,Hyderabad,08-03-2025,16,18.25,13A,Economy,140,11.2,Delayed,20,Website,Veg,2700
PAX0389,Nitin Arora,50,Male,Emirates,EK720,International,MAA,SIN,Chennai,Singapore,08-04-2025,21.1,4.5,2D,Business,1450,25.9,On Time,0,Travel Agent,Jain,11800
PAX0390,Ishita Mehra,31,Female,Qatar Airways,QR311,International,DEL,DXB,Delhi,Dubai,08-04-2025,4.25,8,24F,Economy,330,13.5,Cancelled,0,Mobile App,Vegan,2100
PAX0391,Manish Agarwal,44,Male,IndiGo,6E333,National,BOM,CCU,Mumbai,Kolkata,08-05-2025,9.1,11.4,15B,Economy,125,12,On Time,0,Website,Non-Veg,2100
PAX0392,Sneha Iyer,25,Female,Air India,AI512,International,DEL,LHR,Delhi,London,08-05-2025,1.15,9.5,2C,Business,860,24,Delayed,50,Mobile App,Veg,8400
PAX0393,Vikram Singh,38,Male,Singapore Airlines,SQ318,International,HYD,JFK,Hyderabad,New York,08-06-2025,22,13.45,4D,Business,1980,27.5,On Time,0,Mobile App,Non-Veg,9700
PAX0394,Meera Kapoor,31,Female,Lufthansa,LH760,International,DEL,FRA,Delhi,Frankfurt,08-06-2025,3.45,11.2,18F,Premium Economy,980,19.3,On Time,0,Website,Veg,5400
PAX0395,Kunal Verma,35,Male,Emirates,EK601,International,BOM,LHR,Mumbai,London,08-07-2025,2.1,8.5,3A,Business,1800,26.5,On Time,0,Travel Agent,Non-Veg,12000
PAX0396,Anjali Nair,28,Female,IndiGo,6E402,National,MAA,DEL,Chennai,Delhi,08-07-2025,6.45,9.2,14C,Economy,150,11.2,Delayed,30,Mobile App,Veg,3200
PAX0397,Arjun Mehta,41,Male,Emirates,EK220,International,DEL,LHR,Delhi,London,08-08-2025,1.2,9.55,1A,First,2450,30.2,On Time,0,Travel Agent,Non-Veg,13200
PAX0398,Sneha Iyer,25,Female,Qatar Airways,QR901,International,BLR,SIN,Bangalore,Singapore,08-08-2025,8.1,14,22B,Economy,420,15.6,Cancelled,0,Website,Vegan,3500
PAX0399,Vikram Rao,38,Male,Singapore Airlines,SQ318,International,HYD,JFK,Hyderabad,New York,08-09-2025,22,13.45,4D,Business,1980,27.5,On Time,0,Mobile App,Non-Veg,9700
PAX0400,Meera Kapoor,31,Female,Lufthansa,LH760,International,DEL,FRA,Delhi,Frankfurt,08-09-2025,3.45,11.2,18F,Premium Economy,980,19.3,Delayed,35,Website,Veg,5400
PAX0401,Aarav Sharma,29,Male,IndiGo,6.00E+101,National,DEL,BOM,Delhi,Mumbai,08-10-2025,6.1,8.15,12A,Economy,120,10.5,On Time,0,Mobile App,Non-Veg,1500
PAX0402,Diya Menon,26,Female,Air India,AI203,National,MAA,BLR,Chennai,Bangalore,08-10-2025,9.3,10.45,14C,Economy,95,9.2,Delayed,25,Website,Veg,2100
PAX0403,Rohan Das,34,Male,Emirates,EK501,International,BOM,DXB,Mumbai,Dubai,08-11-2025,23,1.5,3B,Business,1150,27,On Time,0,Travel Agent,Jain,12000
PAX0404,Sanya Kapoor,31,Female,Qatar Airways,QR201,International,DEL,DOH,Delhi,Doha,08-11-2025,4.4,6.1,22D,Economy,310,14.5,Cancelled,0,Website,Vegan,3400
PAX0405,Vikram Iyer,40,Male,Lufthansa,LH750,International,BLR,FRA,Bangalore,Frankfurt,08-12-2025,2.2,10.3,5A,Business,1700,25.6,On Time,0,Mobile App,Non-Veg,9800
PAX0406,Meera Nair,27,Female,IndiGo,6.00E+205,National,HYD,CCU,Hyderabad,Kolkata,08-12-2025,13.15,15.35,18B,Economy,130,11,On Time,0,Website,Veg,2500
PAX0407,Kunal Verma,36,Male,British Airways,BA142,International,MAA,LHR,Chennai,London,8/13/2025,10,18.25,2C,Business,1600,26.3,Delayed,40,Travel Agent,Non-Veg,11000
PAX0408,Ananya Singh,24,Female,Delta,DL303,International,BOM,JFK,Mumbai,New York,8/13/2025,5.45,16.55,27A,Economy,760,16.8,On Time,0,Mobile App,Veg,4200
PAX0409,Rahul Mehta,38,Male,Singapore Airlines,SQ319,International,DEL,SIN,Delhi,Singapore,8/14/2025,23.3,7.2,6D,Business,1900,28.2,On Time,0,Website,Non-Veg,10500
PAX0410,Priya Sharma,30,Female,IndiGo,6E333,National,CCU,DEL,Kolkata,Delhi,8/14/2025,16.2,18.45,15A,Economy,140,10.9,Cancelled,0,Mobile App,Veg,1800
PAX0411,Aman Joshi,33,Male,Air India,AI401,International,DEL,LHR,Delhi,London,8/15/2025,1.1,9.4,4F,Premium Economy,890,22,Delayed,60,Website,Non-Veg,7600
PAX0412,Ishita Roy,28,Female,Emirates,EK703,International,BLR,DXB,Bangalore,Dubai,8/15/2025,21.3,0.3,7B,Economy,410,15.7,On Time,0,Mobile App,Veg,5000
PAX0413,Nikhil Arora,41,Male,Qatar Airways,QR509,International,DEL,DOH,Delhi,Doha,8/16/2025,3.25,5.1,3C,Business,1320,24.5,On Time,0,Travel Agent,Non-Veg,9900
PAX0414,Shreya Patel,25,Female,IndiGo,6E444,National,MAA,HYD,Chennai,Hyderabad,8/16/2025,8.4,10.2,19D,Economy,115,9.8,Delayed,15,Website,Veg,2000
PAX0415,Arjun Kapoor,39,Male,Lufthansa,LH761,International,DEL,FRA,Delhi,Frankfurt,8/17/2025,2,10.15,2A,First,2500,30,On Time,0,Mobile App,Non-Veg,15000
PAX0416,Neha Verma,32,Female,Delta,DL210,International,BOM,LAX,Mumbai,Los Angeles,8/17/2025,6,18.3,23C,Economy,820,18.1,On Time,0,Website,Veg,4300
PAX0417,Siddharth Rao,37,Male,IndiGo,6E505,National,DEL,BLR,Delhi,Bangalore,8/18/2025,11.1,13.25,10B,Economy,150,12,On Time,0,Mobile App,Non-Veg,2200
PAX0418,Divya Menon,29,Female,Air India,AI612,International,MAA,DXB,Chennai,Dubai,8/18/2025,23.45,2.35,12C,Premium Economy,450,17.3,Cancelled,0,Website,Veg,3900
PAX0419,Rahul Singh,45,Male,Emirates,EK202,International,BOM,LHR,Mumbai,London,8/19/2025,2.15,8.4,1B,First,2600,31,On Time,0,Travel Agent,Non-Veg,16000
PAX0420,Pooja Iyer,27,Female,Singapore Airlines,SQ402,International,BLR,SIN,Bangalore,Singapore,8/19/2025,20.1,2,8A,Economy,390,14.2,Delayed,30,Mobile App,Veg,5200
PAX0421,Aarav Sharma,29,Male,IndiGo,6.00E+101,National,DEL,BOM,Delhi,Mumbai,8/20/2025,6.1,8.15,12A,Economy,120,10.5,On Time,0,Mobile App,Non-Veg,1500
PAX0422,Diya Menon,26,Female,Air India,AI203,National,MAA,BLR,Chennai,Bangalore,8/20/2025,9.3,10.45,14C,Economy,95,9.2,Delayed,25,Website,Veg,2100
PAX0423,Rohan Das,34,Male,Emirates,EK501,International,BOM,DXB,Mumbai,Dubai,8/21/2025,23,1.5,3B,Business,1150,27,On Time,0,Travel Agent,Jain,12000
PAX0424,Sanya Kapoor,31,Female,Qatar Airways,QR201,International,DEL,DOH,Delhi,Doha,8/21/2025,4.4,6.1,22D,Economy,310,14.5,Cancelled,0,Website,Vegan,3400
PAX0425,Vikram Iyer,40,Male,Lufthansa,LH750,International,BLR,FRA,Bangalore,Frankfurt,8/22/2025,2.2,10.3,5A,Business,1700,25.6,On Time,0,Mobile App,Non-Veg,9800
PAX0426,Meera Nair,27,Female,IndiGo,6.00E+205,National,HYD,CCU,Hyderabad,Kolkata,8/22/2025,13.15,15.35,18B,Economy,130,11,On Time,0,Website,Veg,2500
PAX0427,Kunal Verma,36,Male,British Airways,BA142,International,MAA,LHR,Chennai,London,8/23/2025,10,18.25,2C,Business,1600,26.3,Delayed,40,Travel Agent,Non-Veg,11000
PAX0428,Ananya Singh,24,Female,Delta,DL303,International,BOM,JFK,Mumbai,New York,8/23/2025,5.45,16.55,27A,Economy,760,16.8,On Time,0,Mobile App,Veg,4200
PAX0429,Rahul Mehta,38,Male,Singapore Airlines,SQ319,International,DEL,SIN,Delhi,Singapore,8/24/2025,23.3,7.2,6D,Business,1900,28.2,On Time,0,Website,Non-Veg,10500
PAX0430,Priya Sharma,30,Female,IndiGo,6E333,National,CCU,DEL,Kolkata,Delhi,8/24/2025,16.2,18.45,15A,Economy,140,10.9,Cancelled,0,Mobile App,Veg,1800
PAX0431,Aman Joshi,33,Male,Air India,AI401,International,DEL,LHR,Delhi,London,8/25/2025,1.1,9.4,4F,Premium Economy,890,22,Delayed,60,Website,Non-Veg,7600
PAX0432,Ishita Roy,28,Female,Emirates,EK703,International,BLR,DXB,Bangalore,Dubai,8/25/2025,21.3,0.3,7B,Economy,410,15.7,On Time,0,Mobile App,Veg,5000
PAX0433,Nikhil Arora,41,Male,Qatar Airways,QR509,International,DEL,DOH,Delhi,Doha,8/26/2025,3.25,5.1,3C,Business,1320,24.5,On Time,0,Travel Agent,Non-Veg,9900
PAX0434,Shreya Patel,25,Female,IndiGo,6E444,National,MAA,HYD,Chennai,Hyderabad,8/26/2025,8.4,10.2,19D,Economy,115,9.8,Delayed,15,Website,Veg,2000
PAX0435,Arjun Kapoor,39,Male,Lufthansa,LH761,International,DEL,FRA,Delhi,Frankfurt,8/27/2025,2,10.15,2A,First,2500,30,On Time,0,Mobile App,Non-Veg,15000
PAX0436,Neha Verma,32,Female,Delta,DL210,International,BOM,LAX,Mumbai,Los Angeles,8/27/2025,6,18.3,23C,Economy,820,18.1,On Time,0,Website,Veg,4300
PAX0437,Siddharth Rao,37,Male,IndiGo,6E505,National,DEL,BLR,Delhi,Bangalore,8/28/2025,11.1,13.25,10B,Economy,150,12,On Time,0,Mobile App,Non-Veg,2200
PAX0438,Divya Menon,29,Female,Air India,AI612,International,MAA,DXB,Chennai,Dubai,8/28/2025,23.45,2.35,12C,Premium Economy,450,17.3,Cancelled,0,Website,Veg,3900
PAX0439,Rahul Singh,45,Male,Emirates,EK202,International,BOM,LHR,Mumbai,London,8/29/2025,2.15,8.4,1B,First,2600,31,On Time,0,Travel Agent,Non-Veg,16000
PAX0440,Pooja Iyer,27,Female,Singapore Airlines,SQ402,International,BLR,SIN,Bangalore,Singapore,8/29/2025,20.1,2,8A,Economy,390,14.2,Delayed,30,Mobile App,Veg,5200
PAX0441,Aarav Sharma,29,Male,IndiGo,6.00E+101,National,DEL,BOM,Delhi,Mumbai,8/30/2025,6.1,8.15,12A,Economy,120,10.5,On Time,0,Mobile App,Non-Veg,1500
PAX0442,Diya Menon,26,Female,Air India,AI203,National,MAA,BLR,Chennai,Bangalore,8/30/2025,9.3,10.45,14C,Economy,95,9.2,Delayed,25,Website,Veg,2100
PAX0443,Rohan Das,34,Male,Emirates,EK501,International,BOM,DXB,Mumbai,Dubai,8/31/2025,23,1.5,3B,Business,1150,27,On Time,0,Travel Agent,Jain,12000
PAX0444,Sanya Kapoor,31,Female,Qatar Airways,QR201,International,DEL,DOH,Delhi,Doha,8/31/2025,4.4,6.1,22D,Economy,310,14.5,Cancelled,0,Website,Vegan,3400
PAX0445,Vikram Iyer,40,Male,Lufthansa,LH750,International,BLR,FRA,Bangalore,Frankfurt,09-01-2025,2.2,10.3,5A,Business,1700,25.6,On Time,0,Mobile App,Non-Veg,9800
PAX0446,Meera Nair,27,Female,IndiGo,6.00E+205,National,HYD,CCU,Hyderabad,Kolkata,09-01-2025,13.15,15.35,18B,Economy,130,11,On Time,0,Website,Veg,2500
PAX0447,Kunal Verma,36,Male,British Airways,BA142,International,MAA,LHR,Chennai,London,09-02-2025,10,18.25,2C,Business,1600,26.3,Delayed,40,Travel Agent,Non-Veg,11000
PAX0448,Ananya Singh,24,Female,Delta,DL303,International,BOM,JFK,Mumbai,New York,09-02-2025,5.45,16.55,27A,Economy,760,16.8,On Time,0,Mobile App,Veg,4200
PAX0449,Rahul Mehta,38,Male,Singapore Airlines,SQ319,International,DEL,SIN,Delhi,Singapore,09-03-2025,23.3,7.2,6D,Business,1900,28.2,On Time,0,Website,Non-Veg,10500
PAX0450,Priya Sharma,30,Female,IndiGo,6E333,National,CCU,DEL,Kolkata,Delhi,09-03-2025,16.2,18.45,15A,Economy,140,10.9,Cancelled,0,Mobile App,Veg,1800
